ID,Country,Date,Cum_conf_cases,Cum_susp_cases,Cum_conf_death
1,Guinea,3/10/15,2871,22,1778
2,Liberia,3/10/15,3150,4314,NA
3,Sierra Leone,3/10/15,8428,2904,3263
4,United Kingdom,3/10/15,1,0,NA
5,Mali,3/10/15,7,0,NA
6,Nigeria,3/10/15,19,0,7
7,Senegal,3/10/15,1,0,0
8,Spain,3/10/15,1,0,0
9,United States of America,3/10/15,4,0,1
10,United Kingdom,3/6/15,1,0,NA
11,Guinea,3/6/15,2840,16,1755
12,Liberia,3/6/15,3150,4222,NA
13,Sierra Leone,3/6/15,8389,2841,3210
14,Mali,3/6/15,7,0,NA
15,Nigeria,3/6/15,19,0,7
16,Senegal,3/6/15,1,0,0
17,Spain,3/6/15,1,0,0
18,United States of America,3/6/15,4,0,1
19,United Kingdom,3/5/15,1,0,NA
20,Guinea,3/5/15,2833,12,1749
21,Liberia,3/5/15,3150,4222,NA
22,Sierra Leone,3/5/15,8383,2827,3199
23,Mali,3/5/15,7,0,NA
24,Nigeria,3/5/15,19,0,7
25,Senegal,3/5/15,1,0,0
26,Spain,3/5/15,1,0,0
27,United States of America,3/5/15,4,0,1
28,United Kingdom,3/4/15,1,0,NA
29,Mali,3/4/15,7,0,NA
30,Nigeria,3/4/15,19,0,7
31,Senegal,3/4/15,1,0,0
32,Spain,3/4/15,1,0,0
33,United States of America,3/4/15,4,0,1
34,Guinea,3/4/15,2808,5,1735
35,Liberia,3/4/15,3153,4224,NA
36,Sierra Leone,3/4/15,8353,2803,3164
37,United Kingdom,3/2/15,1,0,NA
38,Guinea,3/2/15,2808,5,1735
39,Liberia,3/2/15,3153,4224,NA
40,Sierra Leone,3/2/15,8353,2803,3164
41,Mali,3/2/15,7,0,NA
42,Nigeria,3/2/15,19,0,7
43,Senegal,3/2/15,1,0,0
44,Spain,3/2/15,1,0,0
45,United States of America,3/2/15,4,0,1
46,United Kingdom,2/27/15,1,0,NA
47,Guinea,2/27/15,2790,8,1721
48,Liberia,2/27/15,3153,4224,NA
49,Sierra Leone,2/27/15,8320,2763,3124
50,Mali,2/27/15,7,0,NA
51,Nigeria,2/27/15,19,0,7
52,Senegal,2/27/15,1,0,0
53,Spain,2/27/15,1,0,0
54,United States of America,2/27/15,4,0,1
55,United Kingdom,2/26/15,1,0,NA
56,Guinea,2/26/15,2781,7,1714
57,Liberia,2/26/15,3153,4224,NA
58,Sierra Leone,2/26/15,8308,2746,3113
59,Mali,2/26/15,7,0,NA
60,Nigeria,2/26/15,19,0,7
61,Senegal,2/26/15,1,0,0
62,Spain,2/26/15,1,0,0
63,United States of America,2/26/15,4,0,1
64,United Kingdom,2/25/15,1,0,NA
65,Guinea,2/25/15,2762,6,1704
66,Liberia,2/25/15,3153,4197,NA
67,Sierra Leone,2/25/15,8289,2725,3095
68,Mali,2/25/15,7,0,NA
69,Nigeria,2/25/15,19,0,7
70,Senegal,2/25/15,1,0,0
71,Spain,2/25/15,1,0,0
72,United States of America,2/25/15,4,0,1
73,United Kingdom,2/23/15,1,0,NA
74,Guinea,2/23/15,2758,10,1699
75,Liberia,2/23/15,3153,4188,NA
76,Sierra Leone,2/23/15,8223,2645,3057
77,Mali,2/23/15,7,0,NA
78,Nigeria,2/23/15,19,0,7
79,Senegal,2/23/15,1,0,0
80,Spain,2/23/15,1,0,0
81,United States of America,2/23/15,4,0,1
82,United Kingdom,2/20/15,1,0,NA
83,Guinea,2/20/15,2734,2,1688
84,Liberia,2/20/15,3152,4062,NA
85,Sierra Leone,2/20/15,8223,2645,3057
86,Mali,2/20/15,7,0,NA
87,Nigeria,2/20/15,19,0,7
88,Senegal,2/20/15,1,0,0
89,Spain,2/20/15,1,0,0
90,United States of America,2/20/15,4,0,1
91,United Kingdom,2/19/15,1,0,NA
92,Guinea,2/19/15,2732,2,1686
93,Liberia,2/19/15,3152,4062,NA
94,Sierra Leone,2/19/15,8223,2645,3057
95,Mali,2/19/15,7,0,NA
96,Nigeria,2/19/15,19,0,7
97,Senegal,2/19/15,1,0,0
98,Spain,2/19/15,1,0,0
99,United States of America,2/19/15,4,0,1
100,United Kingdom,2/18/15,1,0,NA
101,Guinea,2/18/15,2727,7,1683
102,Sierra Leone,2/18/15,8212,2604,3042
103,Liberia,2/18/15,3149,3982,NA
104,Mali,2/18/15,7,0,NA
105,Nigeria,2/18/15,19,0,7
106,Senegal,2/18/15,1,0,0
107,Spain,2/18/15,1,0,0
108,United States of America,2/18/15,4,0,1
109,United Kingdom,2/17/15,1,0,NA
110,Guinea,2/17/15,2727,7,1683
111,Liberia,2/17/15,3149,3982,NA
112,Sierra Leone,2/17/15,8212,2604,3042
113,Mali,2/17/15,7,0,NA
114,Nigeria,2/17/15,19,0,7
115,Senegal,2/17/15,1,0,0
116,Spain,2/17/15,1,0,0
117,United States of America,2/17/15,4,0,1
118,United Kingdom,2/16/15,1,0,NA
119,Guinea,2/16/15,2720,7,1678
120,Liberia,2/16/15,3149,3982,NA
121,Sierra Leone,2/16/15,8199,2588,3035
122,Mali,2/16/15,7,0,NA
123,Nigeria,2/16/15,19,0,7
124,Senegal,2/16/15,1,0,0
125,Spain,2/16/15,1,0,0
126,United States of America,2/16/15,4,0,1
127,Guinea,2/13/15,2693,15,1659
128,Liberia,2/13/15,3147,3908,3858
129,Sierra Leone,2/13/15,8155,2545,2997
130,United Kingdom,2/13/15,1,0,NA
131,Mali,2/13/15,7,0,NA
132,Nigeria,2/13/15,19,0,7
133,Senegal,2/13/15,1,0,0
134,Spain,2/13/15,1,0,0
135,United States of America,2/13/15,4,0,1
136,United Kingdom,2/12/15,1,0,NA
137,Guinea,2/12/15,2685,16,1651
138,Liberia,2/12/15,3146,3862,3826
139,Sierra Leone,2/12/15,8138,2529,2984
140,Mali,2/12/15,7,0,NA
141,Nigeria,2/12/15,19,0,7
142,Senegal,2/12/15,1,0,0
143,Spain,2/12/15,1,0,0
144,United States of America,2/12/15,4,0,1
145,United Kingdom,2/11/15,1,0,NA
146,Guinea,2/11/15,2674,18,1643
147,Sierra Leone,2/11/15,8135,2512,2975
148,Liberia,2/11/15,3146,3862,3826
149,Mali,2/11/15,7,0,NA
150,Nigeria,2/11/15,19,0,7
151,Senegal,2/11/15,1,0,0
152,Spain,2/11/15,1,0,0
153,United States of America,2/11/15,4,0,1
154,Guinea,2/10/15,2674,18,1643
155,Liberia,2/10/15,3146,3862,3826
156,Sierra Leone,2/10/15,8135,2512,2975
157,United Kingdom,2/10/15,1,0,NA
158,Mali,2/10/15,7,0,NA
159,Nigeria,2/10/15,19,0,7
160,Senegal,2/10/15,1,0,0
161,Spain,2/10/15,1,0,0
162,United States of America,2/10/15,4,0,1
163,United Kingdom,2/6/15,1,0,NA
164,Guinea,2/6/15,2628,11,1608
165,Liberia,2/6/15,3143,3732,NA
166,Sierra Leone,2/6/15,8084,2421,2935
167,Mali,2/6/15,7,0,NA
168,Nigeria,2/6/15,19,0,7
169,Senegal,2/6/15,1,0,0
170,Spain,2/6/15,1,0,0
171,United States of America,2/6/15,4,0,1
172,United Kingdom,2/5/15,1,0,NA
173,Guinea,2/5/15,2621,18,1600
174,Liberia,2/5/15,3143,3732,NA
175,Sierra Leone,2/5/15,8063,2406,2920
176,Mali,2/5/15,7,0,NA
177,Nigeria,2/5/15,19,0,7
178,Senegal,2/5/15,1,0,0
179,Spain,2/5/15,1,0,0
180,United States of America,2/5/15,4,0,1
181,United Kingdom,2/4/15,1,0,NA
182,Guinea,2/4/15,2608,20,1597
183,Liberia,2/4/15,3143,3732,NA
184,Sierra Leone,2/4/15,8059,2394,2910
185,Mali,2/4/15,7,0,NA
186,Nigeria,2/4/15,19,0,7
187,Senegal,2/4/15,1,0,0
188,Spain,2/4/15,1,0,0
189,United States of America,2/4/15,4,0,1
190,United Kingdom,2/3/15,1,0,NA
191,Guinea,2/3/15,2608,20,1597
192,Liberia,2/3/15,3143,3717,NA
193,Sierra Leone,2/3/15,8059,2394,2910
194,Mali,2/3/15,7,0,NA
195,Nigeria,2/3/15,19,0,7
196,Senegal,2/3/15,1,0,0
197,Spain,2/3/15,1,0,0
198,United States of America,2/3/15,4,0,1
199,Guinea,2/2/15,2593,24,1595
200,Liberia,2/2/15,3138,3666,NA
201,Sierra Leone,2/2/15,8042,2378,2908
202,United Kingdom,2/2/15,1,0,NA
203,Mali,2/2/15,7,0,NA
204,Nigeria,2/2/15,19,0,7
205,Senegal,2/2/15,1,0,0
206,Spain,2/2/15,1,0,0
207,United States of America,2/2/15,4,0,1
208,United Kingdom,1/30/15,1,0,NA
209,Guinea,1/30/15,2575,13,1581
210,Liberia,1/30/15,3138,3641,NA
211,Sierra Leone,1/30/15,7989,2285,2850
212,Mali,1/30/15,7,0,NA
213,Nigeria,1/30/15,19,0,7
214,Senegal,1/30/15,1,0,0
215,Spain,1/30/15,1,0,0
216,United States of America,1/30/15,4,0,1
217,United Kingdom,1/29/15,1,0,NA
218,Guinea,1/29/15,2571,18,1579
219,Liberia,1/29/15,3138,3641,NA
220,Sierra Leone,1/29/15,7977,2273,2841
221,Mali,1/29/15,7,0,NA
222,Nigeria,1/29/15,19,0,7
223,Senegal,1/29/15,1,0,0
224,Spain,1/29/15,1,0,0
225,United States of America,1/29/15,4,0,1
226,Sierra Leone,1/28/15,7968,2263,2833
227,Guinea,1/28/15,2569,16,1578
228,Liberia,1/28/15,3138,3620,NA
229,United Kingdom,1/28/15,1,0,NA
230,Mali,1/28/15,7,0,NA
231,Nigeria,1/28/15,19,0,7
232,Senegal,1/28/15,1,0,0
233,Spain,1/28/15,1,0,0
234,United States of America,1/28/15,4,0,1
235,Liberia,1/27/15,3138,3620,NA
236,Guinea,1/27/15,2569,16,1578
237,Sierra Leone,1/27/15,7968,2263,2833
238,United Kingdom,1/27/15,1,0,NA
239,Mali,1/27/15,7,0,NA
240,Nigeria,1/27/15,19,0,7
241,Senegal,1/27/15,1,0,0
242,Spain,1/27/15,1,0,0
243,United States of America,1/27/15,4,0,1
244,Guinea,1/26/15,2559,18,1574
245,Sierra Leone,1/26/15,7963,2241,2829
246,Liberia,1/26/15,3136,3534,NA
247,United Kingdom,1/26/15,1,0,NA
248,Mali,1/26/15,7,0,NA
249,Nigeria,1/26/15,19,0,7
250,Senegal,1/26/15,1,0,0
251,Spain,1/26/15,1,0,0
252,United States of America,1/26/15,4,0,1
253,Liberia,1/23/15,3136,3534,NA
254,United Kingdom,1/23/15,1,0,NA
255,Sierra Leone,1/23/15,7921,2192,2793
256,Guinea,1/23/15,2545,9,1561
257,Mali,1/23/15,7,0,NA
258,Nigeria,1/23/15,19,0,7
259,Senegal,1/23/15,1,0,0
260,Spain,1/23/15,1,0,0
261,United States of America,1/23/15,4,0,1
262,Liberia,1/22/15,3136,3534,NA
263,Guinea,1/22/15,2542,12,1560
264,Sierra Leone,1/22/15,7909,2166,2787
265,United Kingdom,1/22/15,1,0,NA
266,Mali,1/22/15,7,0,NA
267,Nigeria,1/22/15,19,0,7
268,Senegal,1/22/15,1,0,0
269,Spain,1/22/15,1,0,0
270,United States of America,1/22/15,4,0,1
271,Guinea,1/21/15,2539,13,1557
272,Liberia,1/21/15,3135,3489,NA
273,Sierra Leone,1/21/15,7903,2150,2779
274,United Kingdom,1/21/15,1,0,NA
275,Mali,1/21/15,7,0,NA
276,Nigeria,1/21/15,19,0,7
277,Senegal,1/21/15,1,0,0
278,Spain,1/21/15,1,0,0
279,United States of America,1/21/15,4,0,1
280,Guinea,1/20/15,2539,13,1557
281,Sierra Leone,1/20/15,7903,2150,2779
282,Liberia,1/20/15,3135,3489,NA
283,United Kingdom,1/20/15,1,0,NA
284,Mali,1/20/15,7,0,NA
285,Nigeria,1/20/15,19,0,7
286,Senegal,1/20/15,1,0,0
287,Spain,1/20/15,1,0,0
288,United States of America,1/20/15,4,0,1
289,Guinea,1/19/15,2539,15,1556
290,Sierra Leone,1/19/15,7883,2136,2766
291,United Kingdom,1/19/15,1,0,NA
292,Liberia,1/19/15,3131,3454,NA
293,Mali,1/19/15,7,0,NA
294,Nigeria,1/19/15,19,0,7
295,Senegal,1/19/15,1,0,0
296,Spain,1/19/15,1,0,0
297,United States of America,1/19/15,4,0,1
298,Mali,1/16/15,7,0,NA
299,United Kingdom,1/16/15,1,0,NA
300,Guinea,1/16/15,2525,12,1541
301,Liberia,1/16/15,3127,3394,NA
302,Sierra Leone,1/16/15,7825,2074,2717
303,Nigeria,1/16/15,19,0,7
304,Senegal,1/16/15,1,0,0
305,Spain,1/16/15,1,0,0
306,United States of America,1/16/15,4,0,1
307,Guinea,1/15/15,2522,11,1537
308,Liberia,1/15/15,3127,3394,NA
309,Sierra Leone,1/15/15,7802,2061,2701
310,Mali,1/15/15,7,0,NA
311,United Kingdom,1/15/15,1,0,NA
312,Nigeria,1/15/15,19,0,7
313,Senegal,1/15/15,1,0,0
314,Spain,1/15/15,1,0,0
315,United States of America,1/15/15,4,0,1
316,Mali,1/14/15,7,0,NA
317,United Kingdom,1/14/15,1,0,NA
318,Guinea,1/14/15,2514,8,1530
319,Liberia,1/14/15,3127,3365,NA
320,Sierra Leone,1/14/15,7786,2051,2696
321,Nigeria,1/14/15,19,0,7
322,Senegal,1/14/15,1,0,0
323,Spain,1/14/15,1,0,0
324,United States of America,1/14/15,4,0,1
325,Guinea,1/13/15,2508,7,1523
326,Liberia,1/13/15,3123,3322,NA
327,Sierra Leone,1/13/15,7766,2041,2683
328,Mali,1/13/15,7,1,NA
329,United Kingdom,1/13/15,1,0,NA
330,Mali,1/12/15,7,0,NA
331,United Kingdom,1/12/15,1,0,NA
332,Liberia,1/12/15,3123,3322,NA
333,Guinea,1/12/15,2508,7,1523
334,Sierra Leone,1/12/15,7766,2041,2683
335,Liberia,1/9/15,3123,3309,NA
336,Guinea,1/9/15,2493,18,1515
337,Sierra Leone,1/9/15,7759,1984,2611
338,Mali,1/9/15,7,0,NA
339,United Kingdom,1/9/15,1,0,NA
340,Mali,1/8/15,7,0,NA
341,United Kingdom,1/8/15,1,0,NA
342,Liberia,1/8/15,3118,3232,NA
343,Guinea,1/8/15,2477,17,1504
344,Sierra Leone,1/8/15,7759,1984,2611
345,Guinea,1/7/15,2471,22,1499
346,Liberia,1/7/15,3118,3223,NA
347,Sierra Leone,1/7/15,7602,1819,2577
348,Mali,1/7/15,7,0,NA
349,United Kingdom,1/7/15,1,0,0
350,Nigeria,1/7/15,19,0,7
351,Senegal,1/7/15,1,0,0
352,Spain,1/7/15,1,0,0
353,United States of America,1/7/15,4,0,1
354,Guinea,1/6/15,2471,22,1499
355,Liberia,1/6/15,3118,3223,NA
356,Sierra Leone,1/6/15,7602,1819,2577
357,Mali,1/6/15,7,0,NA
358,United Kingdom,1/6/15,1,0,0
359,Nigeria,1/6/15,19,0,7
360,Senegal,1/6/15,1,0,0
361,Spain,1/6/15,1,0,0
362,United States of America,1/6/15,4,0,1
363,Guinea,1/5/15,2465,26,1488
364,Liberia,1/5/15,3116,3198,NA
365,Sierra Leone,1/5/15,7570,1915,2549
366,Mali,1/5/15,7,0,NA
367,United Kingdom,1/5/15,1,0,NA
368,United States of America,1/5/15,4,0,1
369,Nigeria,1/5/15,19,0,7
370,Senegal,1/5/15,1,0,0
371,Spain,1/5/15,1,0,0
372,Guinea,1/2/15,2435,19,1463
373,Liberia,1/2/15,3110,3132,NA
374,Sierra Leone,1/2/15,7476,1870,2461
375,Mali,1/2/15,7,0,NA
376,United Kingdom,1/2/15,1,0,NA
377,United States of America,1/2/15,4,0,1
378,Nigeria,1/2/15,19,0,7
379,Senegal,1/2/15,1,0,0
380,Spain,1/2/15,1,0,0
381,Guinea,12/31/14,2397,34,1433
382,Liberia,12/31/14,3110,3132,NA
383,Sierra Leone,12/31/14,7354,1805,2392
384,Mali,12/31/14,7,0,NA
385,United States of America,12/31/14,4,0,1
386,Nigeria,12/31/14,19,0,7
387,Senegal,12/31/14,1,0,0
388,Spain,12/31/14,1,0,0
389,Guinea,12/30/14,2397,34,1433
390,Liberia,12/30/14,3108,3096,NA
391,Sierra Leone,12/30/14,7354,1805,2392
392,Mali,12/30/14,7,0,NA
393,Spain,12/30/14,1,0,0
394,United States of America,12/30/14,4,0,1
395,Nigeria,12/30/14,19,0,7
396,Senegal,12/30/14,1,0,0
397,Guinea,12/29/14,2384,36,1422
398,Liberia,12/29/14,3108,3096,NA
399,Sierra Leone,12/29/14,7326,1796,2366
400,Mali,12/29/14,7,0,NA
401,Spain,12/29/14,1,0,0
402,United States of America,12/29/14,4,0,1
403,Nigeria,12/29/14,19,0,7
404,Senegal,12/29/14,1,0,0
405,Guinea,12/26/14,2342,19,1385
406,Liberia,12/26/14,3085,3020,NA
407,Sierra Leone,12/26/14,7160,1756,2289
408,Mali,12/26/14,7,0,NA
409,Spain,12/26/14,1,0,0
410,United States of America,12/26/14,4,0,1
411,Nigeria,12/26/14,19,0,7
412,Senegal,12/26/14,1,0,0
413,Guinea,12/24/14,2284,50,1344
414,Liberia,12/24/14,3085,3020,NA
415,Sierra Leone,12/24/14,7017,1700,2216
416,Mali,12/24/14,7,0,NA
417,Spain,12/24/14,1,0,0
418,United States of America,12/24/14,4,0,1
419,Nigeria,12/24/14,19,0,7
420,Senegal,12/24/14,1,0,0
421,Guinea,12/23/14,2284,50,1344
422,Liberia,12/23/14,3085,2991,NA
423,Sierra Leone,12/23/14,7017,1700,2216
424,Mali,12/23/14,7,0,NA
425,Spain,12/23/14,1,0,0
426,United States of America,12/23/14,4,0,1
427,Nigeria,12/23/14,19,0,7
428,Senegal,12/23/14,1,0,0
429,Guinea,12/22/14,2259,49,1323
430,Liberia,12/22/14,3085,2991,NA
431,Sierra Leone,12/22/14,6975,1677,2190
432,Mali,12/22/14,7,0,NA
433,Spain,12/22/14,1,0,0
434,United States of America,12/22/14,4,0,1
435,Nigeria,12/22/14,19,0,7
436,Senegal,12/22/14,1,0,0
437,Guinea,12/17/14,2127,26,1262
438,Liberia,12/17/14,2946,3050,NA
439,Sierra Leone,12/17/14,6702,1575,1876
440,Mali,12/17/14,7,0,NA
441,United States of America,12/17/14,4,0,1
442,Nigeria,12/17/14,19,0,7
443,Senegal,12/17/14,1,0,0
444,Spain,12/17/14,1,0,0
445,Guinea,12/15/14,2115,16,1255
446,Liberia,12/15/14,2946,3050,NA
447,Sierra Leone,12/15/14,6638,1556,1824
448,Mali,12/15/14,7,0,NA
449,Spain,12/15/14,1,0,0
450,United States of America,12/15/14,4,0,1
451,Nigeria,12/15/14,19,0,7
452,Senegal,12/15/14,1,0,0
453,Guinea,12/10/14,2051,20,1207
454,Liberia,12/10/14,2830,3075,NA
455,Sierra Leone,12/10/14,6375,1443,1559
456,Mali,12/10/14,7,0,NA
457,United States of America,12/10/14,4,0,1
458,Nigeria,12/10/14,19,0,7
459,Senegal,12/10/14,1,0,0
460,Spain,12/10/14,1,0,0
461,Guinea,12/3/14,1929,25,1117
462,Liberia,12/3/14,2801,3042,NA
463,Sierra Leone,12/3/14,5978,1255,1374
464,Mali,12/3/14,7,0,NA
465,United States of America,12/3/14,4,0,1
466,Nigeria,12/3/14,19,0,7
467,Senegal,12/3/14,1,0,0
468,Spain,12/3/14,1,0,0
469,Guinea,12/1/14,1921,24,1102
470,Liberia,12/1/14,2801,3042,NA
471,Sierra Leone,12/1/14,5831,1199,1321
472,Mali,12/1/14,7,0,NA
473,Spain,12/1/14,1,0,0
474,United States of America,12/1/14,4,0,1
475,Nigeria,12/1/14,19,0,7
476,Senegal,12/1/14,1,0,0
477,Guinea,11/26/14,1850,74,1050
478,Liberia,11/26/14,2727,2687,NA
479,Sierra Leone,11/26/14,5441,1079,1189
480,Mali,11/26/14,7,0,5
481,Spain,11/26/14,1,0,0
482,United States of America,11/26/14,4,0,1
483,Nigeria,11/26/14,19,0,7
484,Senegal,11/26/14,1,0,0
485,Guinea,11/21/14,1745,86,998
486,Liberia,11/21/14,2669,2663,NA
487,Sierra Leone,11/21/14,5152,959,1058
488,Mali,11/21/14,5,0,5
489,Spain,11/21/14,1,0,0
490,United States of America,11/21/14,4,0,1
491,Nigeria,11/21/14,19,0,7
492,Senegal,11/21/14,1,0,0
493,Guinea,11/19/14,1698,63,982
494,Liberia,11/19/14,2643,2664,NA
495,Sierra Leone,11/19/14,5056,938,1041
496,Mali,11/19/14,5,0,4
497,Spain,11/19/14,1,0,0
498,United States of America,11/19/14,4,0,1
499,Nigeria,11/19/14,19,0,7
500,Senegal,11/19/14,1,0,0
501,Guinea,11/14/14,1647,64,958
502,Liberia,11/14/14,2562,2600,NA
503,Sierra Leone,11/14/14,4683,824,978
504,Mali,11/14/14,3,0,NA
505,Spain,11/14/14,1,0,0
506,United States of America,11/14/14,4,0,1
507,Nigeria,11/14/14,19,0,7
508,Senegal,11/14/14,1,0,0
509,Guinea,11/12/14,1612,58,934
510,Liberia,11/12/14,2553,2582,NA
511,Sierra Leone,11/12/14,4523,766,960
512,Mali,11/12/14,2,0,2
513,Spain,11/12/14,1,0,0
514,United States of America,11/12/14,4,0,1
515,Nigeria,11/12/14,19,0,7
516,Senegal,11/12/14,1,0,0
517,Guinea,11/7/14,1479,77,850
518,Liberia,11/7/14,2514,2476,NA
519,Sierra Leone,11/7/14,4149,634,921
520,Mali,11/7/14,1,0,1
521,Spain,11/7/14,1,0,0
522,United States of America,11/7/14,4,0,1
523,Nigeria,11/7/14,19,0,7
524,Senegal,11/7/14,1,0,0
525,Guinea,11/5/14,1457,70,837
526,Liberia,11/5/14,2451,2447,NA
527,Sierra Leone,11/5/14,4057,623,893
528,Mali,11/5/14,1,0,1
529,Spain,11/5/14,1,0,0
530,United States of America,11/5/14,4,0,1
531,Nigeria,11/5/14,19,0,7
532,Senegal,11/5/14,1,0,0
533,Guinea,10/31/14,1409,54,NA
534,Liberia,10/31/14,2515,2480,NA
535,Sierra Leone,10/31/14,3778,1238,NA
536,Mali,10/31/14,1,0,1
537,Spain,10/31/14,1,0,0
538,United States of America,10/31/14,4,0,1
539,Nigeria,10/31/14,19,0,7
540,Senegal,10/31/14,1,0,0
541,Guinea,10/29/14,1391,316,NA
542,Liberia,10/29/14,2515,2480,NA
543,Sierra Leone,10/29/14,3700,1213,NA
544,Mali,10/29/14,1,0,1
545,Spain,10/29/14,1,0,0
546,United States of America,10/29/14,4,0,1
547,Nigeria,10/29/14,19,0,7
548,Senegal,10/29/14,1,0,0
549,Guinea,10/25/14,1312,47,732
550,Liberia,10/25/14,965,1594,1241
551,Sierra Leone,10/25/14,3389,470,1008
552,Mali,10/25/14,1,NA,1
553,Spain,10/25/14,1,NA,0
554,United States of America,10/25/14,4,NA,1
555,Nigeria,10/25/14,19,0,7
556,Senegal,10/25/14,1,0,0
557,Guinea,10/22/14,1289,58,710
558,Liberia,10/22/14,965,1594,1241
559,Sierra Leone,10/22/14,3223,446,986
560,Spain,10/22/14,1,NA,0
561,United States of America,10/22/14,3,NA,1
562,Nigeria,10/22/14,19,0,7
563,Senegal,10/22/14,1,0,0
564,Guinea,10/17/14,1217,111,671
565,Sierra Leone,10/17/14,2977,396,932
566,Nigeria,10/17/14,19,0,7
567,Senegal,10/17/14,1,0,0
568,Spain,10/17/14,1,NA,0
569,United States of America,10/17/14,3,NA,1
570,Guinea,10/15/14,1184,98,653
571,Liberia,10/15/14,950,1376,NA
572,Sierra Leone,10/15/14,2849,366,926
573,Nigeria,10/15/14,19,0,7
574,Senegal,10/15/14,1,0,0
575,Spain,10/15/14,1,NA,0
576,United States of America,10/15/14,2,NA,1
577,Guinea,10/10/14,1097,73,598
578,Liberia,10/10/14,943,1259,1072
579,Sierra Leone,10/10/14,2593,320,753
580,Nigeria,10/10/14,19,0,7
581,Senegal,10/10/14,1,0,0
582,Spain,10/10/14,1,NA,0
583,United States of America,10/10/14,1,NA,0
584,Guinea,10/8/14,1044,74,587
585,Liberia,10/8/14,941,1188,1018
586,Sierra Leone,10/8/14,2455,297,725
587,Nigeria,10/8/14,19,0,7
588,Senegal,10/8/14,1,0,0
589,United States of America,10/8/14,1,NA,0
590,Guinea,10/3/14,977,45,562
591,Liberia,10/3/14,931,1190,934
592,Sierra Leone,10/3/14,2179,221,575
593,Nigeria,10/3/14,19,0,7
594,Senegal,10/3/14,1,0,0
595,United States of America,10/3/14,1,NA,0
596,Guinea,10/1/14,950,37,535
597,Liberia,10/1/14,927,1113,890
598,Sierra Leone,10/1/14,2076,191,574
599,Nigeria,10/1/14,19,0,7
600,Senegal,10/1/14,1,0,0
601,Guinea,9/26/14,876,36,481
602,Liberia,9/26/14,914,1005,792
603,Sierra Leone,9/26/14,1816,168,557
604,Nigeria,9/26/14,19,0,7
605,Senegal,9/26/14,1,0,0
606,Guinea,9/24/14,832,28,468
607,Liberia,9/24/14,890,921,671
608,Sierra Leone,9/24/14,1745,158,552
609,Nigeria,9/24/14,19,0,7
610,Senegal,9/24/14,1,0,0
611,Guinea,9/22/14,818,28,465
612,Liberia,9/22/14,863,817,670
613,Sierra Leone,9/22/14,1640,136,545
614,Nigeria,9/22/14,19,0,7
615,Senegal,9/22/14,1,0,0
616,Guinea,9/18/14,750,30,435
617,Liberia,9/18/14,812,675,631
618,Sierra Leone,9/18/14,1513,123,517
619,Nigeria,9/18/14,19,1,7
620,Senegal,9/18/14,1,0,0
621,Guinea,9/16/14,743,31,429
622,Liberia,9/16/14,790,539,563
623,Sierra Leone,9/16/14,1464,119,514
624,Nigeria,9/16/14,19,1,7
625,Senegal,9/16/14,1,0,0
626,Guinea,9/12/14,678,32,403
627,Liberia,9/12/14,654,453,498
628,Sierra Leone,9/12/14,1287,100,478
629,Nigeria,9/12/14,19,1,7
630,Senegal,9/12/14,1,2,0
631,Guinea,9/8/14,664,47,400
632,Liberia,9/8/14,634,443,508
633,Sierra Leone,9/8/14,1234,90,461
634,Nigeria,9/8/14,19,1,7
635,Senegal,9/8/14,1,2,0
636,Guinea,9/5/14,604,56,362
637,Liberia,9/5/14,614,369,431
638,Sierra Leone,9/5/14,1146,78,443
639,Nigeria,9/5/14,18,3,7
640,Senegal,9/5/14,1,NA,0
641,Guinea,8/29/14,482,25,287
642,Liberia,8/29/14,322,382,225
643,Sierra Leone,8/29/14,935,54,380
644,Nigeria,8/29/14,15,3,6
645,Sierra Leone,3/11/15,8428,2904,3263
646,Guinea,3/11/15,2871,22,1778
647,Liberia,3/11/15,3150,4314,NA
648,United Kingdom,3/11/15,1,0,NA
649,Mali,3/11/15,7,0,NA
650,Nigeria,3/11/15,19,0,7
651,Senegal,3/11/15,1,0,0
652,Spain,3/11/15,1,0,0
653,United States of America,3/11/15,4,0,1
654,Guinea,3/12/15,2901,34,1792
655,Liberia,3/12/15,3150,4314,NA
656,Sierra Leone,3/12/15,8463,2927,3289
657,United Kingdom,3/12/15,1,0,NA
658,Mali,3/12/15,7,0,NA
659,Nigeria,3/12/15,19,0,7
660,Senegal,3/12/15,1,0,0
661,Spain,3/12/15,1,0,0
662,United States of America,3/12/15,4,0,1
663,Guinea,3/13/15,2911,25,1797
664,Liberia,3/13/15,3150,4453,NA
665,Sierra Leone,3/13/15,8469,2940,3297
666,United Kingdom,3/13/15,1,0,NA
667,Mali,3/13/15,7,0,NA
668,Nigeria,3/13/15,19,0,7
669,Senegal,3/13/15,1,0,0
670,Spain,3/13/15,1,0,0
671,United States of America,3/13/15,4,0,1
672,Guinea,3/16/15,2957,21,1821
673,Liberia,3/16/15,3150,4453,NA
674,Sierra Leone,3/16/15,8484,2971,3321
675,United Kingdom,3/16/15,1,0,NA
676,Mali,3/16/15,7,0,NA
677,Nigeria,3/16/15,19,0,7
678,Senegal,3/16/15,1,0,0
679,Spain,3/16/15,1,0,0
680,United States of America,3/16/15,4,0,1
681,Guinea,3/17/15,2966,28,1829
682,Liberia,3/17/15,3150,4497,NA
683,Sierra Leone,3/17/15,8487,2977,3325
684,United Kingdom,3/17/15,1,0,NA
685,Mali,3/17/15,7,0,NA
686,Nigeria,3/17/15,19,0,7
687,Senegal,3/17/15,1,0,0
688,Spain,3/17/15,1,0,0
689,United States of America,3/17/15,4,0,1
690,Guinea,3/18/15,2966,28,1829
691,Liberia,3/18/15,3150,4497,NA
692,Sierra Leone,3/18/15,8487,2977,3325
693,United Kingdom,3/18/15,1,0,NA
694,Mali,3/18/15,7,0,NA
695,Nigeria,3/18/15,19,0,7
696,Senegal,3/18/15,1,0,0
697,Spain,3/18/15,1,0,0
698,United States of America,3/18/15,4,0,1
699,Guinea,3/20/15,2988,21,1846
700,Liberia,3/20/15,3150,4526,NA
701,Sierra Leone,3/20/15,8508,2999,3346
702,United Kingdom,3/20/15,1,0,NA
703,Mali,3/20/15,7,0,NA
704,Nigeria,3/20/15,19,0,7
705,Senegal,3/20/15,1,0,0
706,Spain,3/20/15,1,0,0
707,United States of America,3/20/15,4,0,1
708,Guinea,3/23/15,3007,15,1863
709,Liberia,3/23/15,3151,4563,NA
710,Sierra Leone,3/23/15,8518,3024,3376
711,United Kingdom,3/23/15,1,0,NA
712,Mali,3/23/15,7,0,NA
713,Nigeria,3/23/15,19,0,7
714,Senegal,3/23/15,1,0,0
715,Spain,3/23/15,1,0,0
716,United States of America,3/23/15,4,0,1
717,Guinea,3/24/15,3011,20,1865
718,Liberia,3/24/15,3151,4572,NA
719,Sierra Leone,3/24/15,8520,3034,3381
720,United Kingdom,3/24/15,1,0,NA
721,Mali,3/24/15,7,0,NA
722,Nigeria,3/24/15,19,0,7
723,Senegal,3/24/15,1,0,0
724,Spain,3/24/15,1,0,0
725,United States of America,3/24/15,4,0,1
726,Guinea,3/25/15,3011,20,1865
727,Sierra Leone,3/25/15,8520,3034,3381
728,Liberia,3/25/15,3151,4572,NA
729,United Kingdom,3/25/15,1,0,NA
730,Mali,3/25/15,7,0,NA
731,Nigeria,3/25/15,19,0,7
732,Senegal,3/25/15,1,0,0
733,Spain,3/25/15,1,0,0
734,United States of America,3/25/15,4,0,1
735,Liberia,3/26/15,3151,4572,NA
736,Guinea,3/26/15,3032,29,1875
737,Sierra Leone,3/26/15,8529,3050,3398
738,United Kingdom,3/26/15,1,0,NA
739,Mali,3/26/15,7,0,NA
740,Nigeria,3/26/15,19,0,7
741,Senegal,3/26/15,1,0,0
742,Spain,3/26/15,1,0,0
743,United States of America,3/26/15,4,0,1
744,Sierra Leone,3/27/15,8532,3070,3407
745,Liberia,3/27/15,3151,4572,NA
746,Guinea,3/27/15,3042,26,1878
747,United Kingdom,3/27/15,1,0,NA
748,Mali,3/27/15,7,0,NA
749,Nigeria,3/27/15,19,0,7
750,Senegal,3/27/15,1,0,0
751,Spain,3/27/15,1,0,0
752,United States of America,3/27/15,4,0,1
753,Guinea,4/7/15,3089,12,1919
754,Liberia,4/7/15,3151,4832,NA
755,Sierra Leone,4/7/15,8555,3297,3466
756,United Kingdom,4/7/15,1,0,NA
757,Mali,4/7/15,7,0,NA
758,Nigeria,4/7/15,19,0,7
759,Senegal,4/7/15,1,0,0
760,Spain,4/7/15,1,0,0
761,United States of America,4/7/15,4,0,1
762,Guinea,4/9/15,3093,8,1921
763,Liberia,4/9/15,3151,4832,NA
764,Sierra Leone,4/9/15,8558,3310,3475
765,United Kingdom,4/9/15,1,0,NA
766,Mali,4/9/15,7,0,NA
767,Nigeria,4/9/15,19,0,7
768,Senegal,4/9/15,1,0,0
769,Spain,4/9/15,1,0,0
770,United States of America,4/9/15,4,0,1
771,Guinea,4/13/15,3112,15,1928
772,Liberia,4/13/15,3151,4832,NA
773,Sierra Leone,4/13/15,8560,3341,3488
774,United Kingdom,4/13/15,1,0,NA
775,Mali,4/13/15,7,0,NA
776,Nigeria,4/13/15,19,0,7
777,Senegal,4/13/15,1,0,0
778,Spain,4/13/15,1,0,0
779,United States of America,4/13/15,4,0,1
780,Guinea,4/14/15,3117,17,1932
781,Liberia,4/14/15,3151,4832,NA
782,Sierra Leone,4/14/15,8563,3351,3491
783,United Kingdom,4/14/15,1,0,NA
784,Mali,4/14/15,7,0,NA
785,Nigeria,4/14/15,19,0,7
786,Senegal,4/14/15,1,0,0
787,Spain,4/14/15,1,0,0
788,United States of America,4/14/15,4,0,1
789,Guinea,4/15/15,3117,17,1932
790,Liberia,4/15/15,3151,5012,NA
791,Sierra Leone,4/15/15,8563,3351,3491
792,United Kingdom,4/15/15,1,0,NA
793,Mali,4/15/15,7,0,NA
794,Nigeria,4/15/15,19,0,7
795,Senegal,4/15/15,1,0,0
796,Spain,4/15/15,1,0,0
797,United States of America,4/15/15,4,0,1
798,Guinea,4/16/15,3124,28,1934
799,Liberia,4/16/15,3151,5012,NA
800,Sierra Leone,4/16/15,8566,3370,3499
801,United Kingdom,4/16/15,1,0,NA
802,Mali,4/16/15,7,0,NA
803,Nigeria,4/16/15,19,0,7
804,Senegal,4/16/15,1,0,0
805,Spain,4/16/15,1,0,0
806,United States of America,4/16/15,4,0,1
807,Guinea,4/17/15,3126,29,1937
808,Liberia,4/17/15,3151,5012,NA
809,Sierra Leone,4/17/15,8569,3388,3499
810,United Kingdom,4/17/15,1,0,NA
811,Mali,4/17/15,7,0,NA
812,Nigeria,4/17/15,19,0,7
813,Senegal,4/17/15,1,0,0
814,Spain,4/17/15,1,0,0
815,United States of America,4/17/15,4,0,1
816,Guinea,4/20/15,3133,17,1942
817,Liberia,4/20/15,3151,5012,NA
818,Sierra Leone,4/20/15,8572,3397,3506
819,United Kingdom,4/20/15,1,0,NA
820,Mali,4/20/15,7,0,NA
821,Nigeria,4/20/15,19,0,7
822,Senegal,4/20/15,1,0,0
823,Spain,4/20/15,1,0,0
824,United States of America,4/20/15,4,0,1
825,Guinea,4/21/15,3136,14,1943
826,Liberia,4/21/15,3151,5012,NA
827,Sierra Leone,4/21/15,8573,3405,3511
828,United Kingdom,4/21/15,1,0,NA
829,Mali,4/21/15,7,0,NA
830,Nigeria,4/21/15,19,0,7
831,Senegal,4/21/15,1,0,0
832,Spain,4/21/15,1,0,0
833,United States of America,4/21/15,4,0,1
834,Sierra Leone,4/22/15,8575,3405,3511
835,Guinea,4/22/15,3136,14,1943
836,Liberia,4/22/15,3151,5182,NA
837,United Kingdom,4/22/15,1,0,NA
838,Mali,4/22/15,7,0,NA
839,Nigeria,4/22/15,19,0,7
840,Senegal,4/22/15,1,0,0
841,Spain,4/22/15,1,0,0
842,United States of America,4/22/15,4,0,1
843,Guinea,4/23/15,3144,9,1947
844,Liberia,4/23/15,3151,5182,NA
845,Sierra Leone,4/23/15,8581,3426,3519
846,United Kingdom,4/23/15,1,0,NA
847,Mali,4/23/15,7,0,NA
848,Nigeria,4/23/15,19,0,7
849,Senegal,4/23/15,1,0,0
850,Spain,4/23/15,1,0,0
851,United States of America,4/23/15,4,0,1
852,Guinea,4/24/15,3145,16,1950
853,Liberia,4/24/15,3151,5182,NA
854,Sierra Leone,4/24/15,8584,3442,3520
855,United Kingdom,4/24/15,1,0,NA
856,Mali,4/24/15,7,0,NA
857,Nigeria,4/24/15,19,0,7
858,Senegal,4/24/15,1,0,0
859,Spain,4/24/15,1,0,0
860,United States of America,4/24/15,4,0,1
861,Guinea,4/27/15,3154,16,1959
862,Liberia,4/27/15,3151,5182,NA
863,Sierra Leone,4/27/15,8585,3490,3529
864,United Kingdom,4/27/15,1,0,NA
865,Mali,4/27/15,7,0,NA
866,Nigeria,4/27/15,19,0,7
867,Senegal,4/27/15,1,0,0
868,Spain,4/27/15,1,0,0
869,United States of America,4/27/15,4,0,1
870,Guinea,4/28/15,3158,11,1962
871,Liberia,4/28/15,3151,5292,NA
872,Sierra Leone,4/28/15,8586,3498,3533
873,United Kingdom,4/28/15,1,0,NA
874,Mali,4/28/15,7,0,NA
875,Nigeria,4/28/15,19,0,7
876,Senegal,4/28/15,1,0,0
877,Spain,4/28/15,1,0,0
878,United States of America,4/28/15,4,0,1
879,Guinea,4/30/15,3159,7,1966
880,Liberia,4/30/15,3151,5292,NA
881,Sierra Leone,4/30/15,8588,3512,3535
882,United Kingdom,4/30/15,1,0,NA
883,Mali,4/30/15,7,0,NA
884,Nigeria,4/30/15,19,0,7
885,Senegal,4/30/15,1,0,0
886,Spain,4/30/15,1,0,0
887,United States of America,4/30/15,4,0,1
888,Guinea,5/1/15,3161,2,1968
889,Liberia,5/1/15,3151,5292,NA
890,Sierra Leone,5/1/15,8590,3521,3535
891,United Kingdom,5/1/15,1,0,NA
892,Mali,5/1/15,7,0,NA
893,Nigeria,5/1/15,19,0,7
894,Senegal,5/1/15,1,0,0
895,Spain,5/1/15,1,0,0
896,United States of America,5/1/15,4,0,1
897,Guinea,5/4/15,3163,13,1970
898,Liberia,5/4/15,3151,5292,NA
899,Sierra Leone,5/4/15,8592,3547,3536
900,United Kingdom,5/4/15,1,0,NA
901,Mali,5/4/15,7,0,NA
902,Nigeria,5/4/15,19,0,7
903,Senegal,5/4/15,1,0,0
904,Spain,5/4/15,1,0,0
905,United States of America,5/4/15,4,0,1
906,Guinea,5/5/15,3167,7,1971
907,Liberia,5/5/15,3151,5477,NA
908,Sierra Leone,5/5/15,8595,3558,3537
909,United Kingdom,5/5/15,1,0,NA
910,Mali,5/5/15,7,0,NA
911,Nigeria,5/5/15,19,0,7
912,Senegal,5/5/15,1,0,0
913,Spain,5/5/15,1,0,0
914,United States of America,5/5/15,4,0,1
915,Guinea,5/6/15,3167,7,1971
916,Liberia,5/6/15,3151,5534,NA
917,Sierra Leone,5/6/15,8595,3558,3537
918,United Kingdom,5/6/15,1,0,NA
919,Mali,5/6/15,7,0,NA
920,Nigeria,5/6/15,19,0,7
921,Senegal,5/6/15,1,0,0
922,Spain,5/6/15,1,0,0
923,United States of America,5/6/15,4,0,1
924,Guinea,5/7/15,3170,7,1972
925,Liberia,5/7/15,3151,5534,NA
926,Sierra Leone,5/7/15,8597,3586,3538
927,United Kingdom,5/7/15,1,0,NA
928,Mali,5/7/15,7,0,NA
929,Nigeria,5/7/15,19,0,7
930,Senegal,5/7/15,1,0,0
931,Spain,5/7/15,1,0,0
932,United States of America,5/7/15,4,0,1
933,Guinea,5/8/15,3170,7,1972
934,Liberia,5/8/15,3151,5534,NA
935,Sierra Leone,5/8/15,8597,3608,3538
936,United Kingdom,5/8/15,1,0,NA
937,Mali,5/8/15,7,0,NA
938,Nigeria,5/8/15,19,0,7
939,Senegal,5/8/15,1,0,0
940,Spain,5/8/15,1,0,0
941,United States of America,5/8/15,4,0,1
942,Guinea,5/11/15,3173,11,1976
943,Liberia,5/11/15,3151,5574,NA
944,Sierra Leone,5/11/15,8597,3635,3538
945,United Kingdom,5/11/15,1,0,NA
946,Mali,5/11/15,7,0,NA
947,Nigeria,5/11/15,19,0,7
948,Senegal,5/11/15,1,0,0
949,Spain,5/11/15,1,0,0
950,United States of America,5/11/15,4,0,1
951,Guinea,5/12/15,3174,8,1977
952,Liberia,5/12/15,3151,5574,NA
953,Sierra Leone,5/12/15,8597,3639,3538
954,United Kingdom,5/12/15,1,0,NA
955,Mali,5/12/15,7,0,NA
956,Nigeria,5/12/15,19,0,7
957,Senegal,5/12/15,1,0,0
958,Spain,5/12/15,1,0,0
959,United States of America,5/12/15,4,0,1
960,Guinea,5/13/15,3173,11,1976
961,Liberia,5/13/15,3151,5574,NA
962,Sierra Leone,5/13/15,8597,3635,3538
963,United Kingdom,5/13/15,1,0,NA
964,Mali,5/13/15,7,0,NA
965,Nigeria,5/13/15,19,0,7
966,Senegal,5/13/15,1,0,0
967,Spain,5/13/15,1,0,0
968,United States of America,5/13/15,4,0,1
969,Guinea,5/15/15,3189,11,1982
970,Liberia,5/15/15,3151,5574,NA
971,Sierra Leone,5/15/15,8598,3655,3538
972,Italy,5/15/15,1,0,0
973,United Kingdom,5/15/15,1,0,NA
974,Mali,5/15/15,7,0,NA
975,Nigeria,5/15/15,19,0,7
976,Senegal,5/15/15,1,0,0
977,Spain,5/15/15,1,0,0
978,United States of America,5/15/15,4,0,1
979,Italy,5/14/15,1,0,NA
980,Guinea,5/14/15,3187,9,1980
981,Liberia,5/14/15,3151,5574,NA
982,Sierra Leone,5/14/15,8597,3652,3538
983,United Kingdom,5/14/15,1,0,NA
984,Mali,5/14/15,7,0,NA
985,Nigeria,5/14/15,19,0,7
986,Senegal,5/14/15,1,0,0
987,Spain,5/14/15,1,0,0
988,United States of America,5/14/15,4,0,1
989,Guinea,5/19/15,3201,15,1988
990,Liberia,5/19/15,3151,5636,NA
991,Sierra Leone,5/19/15,8605,3740,3541
992,Italy,5/19/15,1,0,NA
993,United Kingdom,5/19/15,1,0,NA
994,Mali,5/19/15,7,0,NA
995,Nigeria,5/19/15,19,0,7
996,Senegal,5/19/15,1,0,0
997,Spain,5/19/15,1,0,0
998,United States of America,5/19/15,4,0,1
999,Guinea,5/18/15,3195,12,1986
1000,Liberia,5/18/15,3151,5636,NA
1001,Sierra Leone,5/18/15,8603,3703,3540
1002,Italy,5/18/15,1,0,NA
1003,United Kingdom,5/18/15,1,0,NA
1004,Mali,5/18/15,7,0,NA
1005,Nigeria,5/18/15,19,0,7
1006,Senegal,5/18/15,1,0,0
1007,Spain,5/18/15,1,0,0
1008,United States of America,5/18/15,4,0,1
1009,Italy,5/20/15,1,0,NA
1010,Guinea,5/20/15,3201,15,1988
1011,Liberia,5/20/15,3151,5636,NA
1012,Sierra Leone,5/20/15,8605,3740,3541
1013,United Kingdom,5/20/15,1,0,NA
1014,Mali,5/20/15,7,0,NA
1015,Nigeria,5/20/15,19,0,7
1016,Senegal,5/20/15,1,0,0
1017,Spain,5/20/15,1,0,0
1018,United States of America,5/20/15,4,0,1
1019,Guinea,5/21/15,3204,26,1990
1020,Liberia,5/21/15,3151,5636,NA
1021,Sierra Leone,5/21/15,8607,3762,3541
1022,Italy,5/21/15,1,0,NA
1023,United Kingdom,5/21/15,1,0,NA
1024,Mali,5/21/15,7,0,NA
1025,Nigeria,5/21/15,19,0,7
1026,Senegal,5/21/15,1,0,0
1027,Spain,5/21/15,1,0,0
1028,United States of America,5/21/15,4,0,1
1029,Italy,5/22/15,1,0,NA
1030,Guinea,5/22/15,3205,23,1993
1031,Liberia,5/22/15,3151,5636,NA
1032,Sierra Leone,5/22/15,8608,3771,3541
1033,United Kingdom,5/22/15,1,0,NA
1034,Mali,5/22/15,7,0,NA
1035,Nigeria,5/22/15,19,0,7
1036,Senegal,5/22/15,1,0,0
1037,Spain,5/22/15,1,0,0
1038,United States of America,5/22/15,4,0,1
1039,Guinea,5/26/15,3210,12,2001
1040,Liberia,5/26/15,3151,5636,NA
1041,Sierra Leone,5/26/15,8608,3811,3542
1042,Italy,5/26/15,1,0,NA
1043,United Kingdom,5/26/15,1,0,NA
1044,Mali,5/26/15,7,0,NA
1045,Nigeria,5/26/15,19,0,7
1046,Senegal,5/26/15,1,0,0
1047,Spain,5/26/15,1,0,0
1048,United States of America,5/26/15,4,0,1
1049,Guinea,5/25/15,3208,13,1999
1050,Liberia,5/25/15,3151,5636,NA
1051,Sierra Leone,5/25/15,8608,3801,3542
1052,Italy,5/25/15,1,0,NA
1053,United Kingdom,5/25/15,1,0,NA
1054,Mali,5/25/15,7,0,NA
1055,Nigeria,5/25/15,19,0,7
1056,Senegal,5/25/15,1,0,0
1057,Spain,5/25/15,1,0,0
1058,United States of America,5/25/15,4,0,1
1059,Guinea,5/27/15,3210,12,2001
1060,Liberia,5/27/15,3151,5636,NA
1061,Sierra Leone,5/27/15,8608,3811,3542
1062,Italy,5/27/15,1,0,NA
1063,United Kingdom,5/27/15,1,0,NA
1064,Mali,5/27/15,7,0,NA
1065,Nigeria,5/27/15,19,0,7
1066,Senegal,5/27/15,1,0,0
1067,Spain,5/27/15,1,0,0
1068,United States of America,5/27/15,4,0,1
1069,Guinea,5/28/15,3214,6,2004
1070,Liberia,5/28/15,3151,5636,NA
1071,Sierra Leone,5/28/15,8611,3837,3545
1072,Italy,5/28/15,1,0,NA
1073,United Kingdom,5/28/15,1,0,NA
1074,Mali,5/28/15,7,0,NA
1075,Nigeria,5/28/15,19,0,7
1076,Senegal,5/28/15,1,0,0
1077,Spain,5/28/15,1,0,0
1078,United States of America,5/28/15,4,0,1
1079,Guinea,5/29/15,3216,9,2006
1080,Liberia,5/29/15,3151,5636,NA
1081,Sierra Leone,5/29/15,8614,3844,3545
1082,Italy,5/29/15,1,0,NA
1083,United Kingdom,5/29/15,1,0,NA
1084,Mali,5/29/15,7,0,NA
1085,Nigeria,5/29/15,19,0,7
1086,Senegal,5/29/15,1,0,0
1087,Spain,5/29/15,1,0,0
1088,United States of America,5/29/15,4,0,1
1089,Guinea,6/1/15,3220,14,2009
1090,Liberia,6/1/15,3151,5636,NA
1091,Sierra Leone,6/1/15,8618,3911,3545
1092,Italy,6/1/15,1,0,NA
1093,United Kingdom,6/1/15,1,0,NA
1094,Mali,6/1/15,7,0,NA
1095,Nigeria,6/1/15,19,0,7
1096,Senegal,6/1/15,1,0,0
1097,Spain,6/1/15,1,0,0
1098,United States of America,6/1/15,4,0,1
1099,Italy,6/2/15,1,0,NA
1100,Guinea,6/2/15,3223,10,2010
1101,Liberia,6/2/15,3151,5636,NA
1102,Sierra Leone,6/2/15,8620,3920,3546
1103,United Kingdom,6/2/15,1,0,NA
1104,Mali,6/2/15,7,0,NA
1105,Nigeria,6/2/15,19,0,7
1106,Senegal,6/2/15,1,0,0
1107,Spain,6/2/15,1,0,0
1108,United States of America,6/2/15,4,0,1
1109,Guinea,6/3/15,3223,10,2010
1110,Liberia,6/3/15,3151,5636,NA
1111,Sierra Leone,6/3/15,8620,3920,3546
1112,Italy,6/3/15,1,0,NA
1113,United Kingdom,6/3/15,1,0,NA
1114,Mali,6/3/15,7,0,NA
1115,Nigeria,6/3/15,19,0,7
1116,Senegal,6/3/15,1,0,0
1117,Spain,6/3/15,1,0,0
1118,United States of America,6/3/15,4,0,1
1119,Guinea,6/4/15,3227,11,2012
1120,Liberia,6/4/15,3151,5636,NA
1121,Sierra Leone,6/4/15,8623,3940,3546
1122,Italy,6/4/15,1,0,NA
1123,United Kingdom,6/4/15,1,0,NA
1124,Mali,6/4/15,7,0,NA
1125,Nigeria,6/4/15,19,0,7
1126,Senegal,6/4/15,1,0,0
1127,Spain,6/4/15,1,0,0
1128,United States of America,6/4/15,4,0,1
1129,Italy,6/5/15,1,0,NA
1130,Guinea,6/5/15,3228,17,2012
1131,Liberia,6/5/15,3151,5636,NA
1132,Sierra Leone,6/5/15,8624,3948,3546
1133,United Kingdom,6/5/15,1,0,NA
1134,Mali,6/5/15,7,0,NA
1135,Nigeria,6/5/15,19,0,7
1136,Senegal,6/5/15,1,0,0
1137,Spain,6/5/15,1,0,0
1138,United States of America,6/5/15,4,0,1
1139,Guinea,6/8/15,3237,13,2016
1140,Liberia,6/8/15,3151,5636,NA
1141,Sierra Leone,6/8/15,8630,3967,3547
1142,Italy,6/8/15,1,0,NA
1143,United Kingdom,6/8/15,1,0,NA
1144,Mali,6/8/15,7,0,NA
1145,Nigeria,6/8/15,19,0,7
1146,Senegal,6/8/15,1,0,0
1147,Spain,6/8/15,1,0,0
1148,United States of America,6/8/15,4,0,1
1149,Guinea,6/9/15,3239,12,2018
1150,Liberia,6/9/15,3151,5636,NA
1151,Sierra Leone,6/9/15,8635,3979,3549
1152,Italy,6/9/15,1,0,NA
1153,United Kingdom,6/9/15,1,0,NA
1154,Mali,6/9/15,7,0,NA
1155,Nigeria,6/9/15,19,0,7
1156,Senegal,6/9/15,1,0,0
1157,Spain,6/9/15,1,0,0
1158,United States of America,6/9/15,4,0,1
1159,Liberia,6/10/15,3151,5636,NA
1160,Sierra Leone,6/10/15,8635,3979,3549
1161,Italy,6/10/15,1,0,NA
1162,Guinea,6/10/15,3239,12,2018
1163,United Kingdom,6/10/15,1,0,NA
1164,Mali,6/10/15,7,0,NA
1165,Nigeria,6/10/15,19,0,7
1166,Senegal,6/10/15,1,0,0
1167,Spain,6/10/15,1,0,0
1168,United States of America,6/10/15,4,0,1
1169,Guinea,6/11/15,3243,12,2021
1170,Liberia,6/11/15,3151,5636,NA
1171,Sierra Leone,6/11/15,8638,3986,3551
1172,Italy,6/11/15,1,0,NA
1173,United Kingdom,6/11/15,1,0,NA
1174,Mali,6/11/15,7,0,NA
1175,Nigeria,6/11/15,19,0,7
1176,Senegal,6/11/15,1,0,0
1177,Spain,6/11/15,1,0,0
1178,United States of America,6/11/15,4,0,1
1179,Guinea,6/12/15,3243,15,2021
1180,Liberia,6/12/15,3151,5636,NA
1181,Sierra Leone,6/12/15,8647,3998,3551
1182,Italy,6/12/15,1,0,NA
1183,United Kingdom,6/12/15,1,0,NA
1184,Mali,6/12/15,7,0,NA
1185,Nigeria,6/12/15,19,0,7
1186,Senegal,6/12/15,1,0,0
1187,Spain,6/12/15,1,0,0
1188,United States of America,6/12/15,4,0,1
1189,Guinea,6/15/15,3249,9,2024
1190,Liberia,6/15/15,3151,5636,NA
1191,Sierra Leone,6/15/15,8649,4026,3553
1192,Italy,6/15/15,1,0,NA
1193,United Kingdom,6/15/15,1,0,NA
1194,Mali,6/15/15,7,0,NA
1195,Nigeria,6/15/15,19,0,7
1196,Senegal,6/15/15,1,0,0
1197,Spain,6/15/15,1,0,0
1198,United States of America,6/15/15,4,0,1
1199,Italy,6/16/15,1,0,NA
1200,Guinea,6/16/15,3249,10,2025
1201,Liberia,6/16/15,3151,5636,NA
1202,Sierra Leone,6/16/15,8649,4029,3553
1203,United Kingdom,6/16/15,1,0,NA
1204,Mali,6/16/15,7,0,NA
1205,Nigeria,6/16/15,19,0,7
1206,Senegal,6/16/15,1,0,0
1207,Spain,6/16/15,1,0,0
1208,United States of America,6/16/15,4,0,1
1209,Italy,6/17/15,1,0,NA
1210,Guinea,6/17/15,3245,10,2025
1211,Liberia,6/17/15,3151,5636,NA
1212,Sierra Leone,6/17/15,8649,4029,3553
1213,United Kingdom,6/17/15,1,0,NA
1214,Mali,6/17/15,7,0,NA
1215,Nigeria,6/17/15,19,0,7
1216,Senegal,6/17/15,1,0,0
1217,Spain,6/17/15,1,0,0
1218,United States of America,6/17/15,4,0,1
1219,Guinea,6/18/15,3246,10,2026
1220,Liberia,6/18/15,3151,5636,NA
1221,Sierra Leone,6/18/15,8651,4052,3556
1222,Italy,6/18/15,1,0,NA
1223,United Kingdom,6/18/15,1,0,NA
1224,Mali,6/18/15,7,0,NA
1225,Nigeria,6/18/15,19,0,7
1226,Senegal,6/18/15,1,0,0
1227,Spain,6/18/15,1,0,0
1228,United States of America,6/18/15,4,0,1
1229,Italy,6/19/15,1,0,NA
1230,Guinea,6/19/15,3247,8,2027
1231,Liberia,6/19/15,3151,5636,NA
1232,Sierra Leone,6/19/15,8654,4071,3560
1233,United Kingdom,6/19/15,1,0,NA
1234,Mali,6/19/15,7,0,NA
1235,Nigeria,6/19/15,19,0,7
1236,Senegal,6/19/15,1,0,0
1237,Spain,6/19/15,1,0,0
1238,United States of America,6/19/15,4,0,1
1239,Italy,6/22/15,1,0,NA
1240,Guinea,6/22/15,3254,16,2028
1241,Liberia,6/22/15,3151,5636,NA
1242,Sierra Leone,6/22/15,8657,4107,3562
1243,United Kingdom,6/22/15,1,0,NA
1244,Mali,6/22/15,7,0,NA
1245,Nigeria,6/22/15,19,0,7
1246,Senegal,6/22/15,1,0,0
1247,Spain,6/22/15,1,0,0
1248,United States of America,6/22/15,4,0,1
1249,Guinea,6/23/15,3257,18,2030
1250,Liberia,6/23/15,3151,5636,NA
1251,Sierra Leone,6/23/15,8657,4115,3562
1252,Italy,6/23/15,1,0,NA
1253,United Kingdom,6/23/15,1,0,NA
1254,Mali,6/23/15,7,0,NA
1255,Nigeria,6/23/15,19,0,7
1256,Senegal,6/23/15,1,0,0
1257,Spain,6/23/15,1,0,0
1258,United States of America,6/23/15,4,0,1
1259,Guinea,6/24/15,3257,18,2030
1260,Liberia,6/24/15,3151,5636,NA
1261,Sierra Leone,6/24/15,8657,4115,3562
1262,Italy,6/24/15,1,0,NA
1263,United Kingdom,6/24/15,1,0,NA
1264,Mali,6/24/15,7,0,NA
1265,Nigeria,6/24/15,19,0,7
1266,Senegal,6/24/15,1,0,0
1267,Spain,6/24/15,1,0,0
1268,United States of America,6/24/15,4,0,1
1269,Guinea,6/25/15,3264,11,2037
1270,Liberia,6/25/15,3151,5636,NA
1271,Sierra Leone,6/25/15,8660,4136,3565
1272,Italy,6/25/15,1,0,NA
1273,United Kingdom,6/25/15,1,0,NA
1274,Mali,6/25/15,7,0,NA
1275,Nigeria,6/25/15,19,0,7
1276,Senegal,6/25/15,1,0,0
1277,Spain,6/25/15,1,0,0
1278,United States of America,6/25/15,4,0,1
1279,Guinea,6/26/15,3266,11,2037
1280,Liberia,6/26/15,3151,5636,NA
1281,Sierra Leone,6/26/15,8662,4144,3565
1282,Italy,6/26/15,1,0,NA
1283,United Kingdom,6/26/15,1,0,NA
1284,Mali,6/26/15,7,0,NA
1285,Nigeria,6/26/15,19,0,7
1286,Senegal,6/26/15,1,0,0
1287,Spain,6/26/15,1,0,0
1288,United States of America,6/26/15,4,0,1
1289,Italy,6/29/15,1,0,NA
1290,Guinea,6/29/15,3268,13,2039
1291,Liberia,6/29/15,3151,5636,NA
1292,Sierra Leone,6/29/15,8664,4164,3566
1293,United Kingdom,6/29/15,1,0,NA
1294,Mali,6/29/15,7,0,NA
1295,Nigeria,6/29/15,19,0,7
1296,Senegal,6/29/15,1,0,0
1297,Spain,6/29/15,1,0,0
1298,United States of America,6/29/15,4,0,1
1299,Italy,6/30/15,1,0,NA
1300,Guinea,6/30/15,3269,17,2039
1301,Liberia,6/30/15,3151,5636,NA
1302,Sierra Leone,6/30/15,8665,4167,3566
1303,United Kingdom,6/30/15,1,0,NA
1304,Mali,6/30/15,7,0,NA
1305,Nigeria,6/30/15,19,0,7
1306,Senegal,6/30/15,1,0,0
1307,Spain,6/30/15,1,0,0
1308,United States of America,6/30/15,4,0,1
1309,Guinea,7/1/15,3269,17,2039
1310,Liberia,7/1/15,3151,5636,NA
1311,Sierra Leone,7/1/15,8665,4167,3566
1312,Italy,7/1/15,1,0,NA
1313,United Kingdom,7/1/15,1,0,NA
1314,Mali,7/1/15,7,0,NA
1315,Nigeria,7/1/15,19,0,7
1316,Senegal,7/1/15,1,0,0
1317,Spain,7/1/15,1,0,0
1318,United States of America,7/1/15,4,0,1
1319,Italy,7/2/15,1,0,NA
1320,Guinea,7/2/15,3277,18,2040
1321,Liberia,7/2/15,3151,5636,NA
1322,Sierra Leone,7/2/15,8668,4174,3567
1323,United Kingdom,7/2/15,1,0,NA
1324,Mali,7/2/15,7,0,NA
1325,Nigeria,7/2/15,19,0,7
1326,Senegal,7/2/15,1,0,0
1327,Spain,7/2/15,1,0,0
1328,United States of America,7/2/15,4,0,1
1329,Sierra Leone,7/3/15,8671,4177,3569
1330,Liberia,7/3/15,3151,5636,NA
1331,Guinea,7/3/15,3279,21,2042
1332,Liberia 2,7/3/15,3,37,1
1333,Italy,7/3/15,1,0,NA
1334,United Kingdom,7/3/15,1,0,NA
1335,Mali,7/3/15,7,0,NA
1336,Nigeria,7/3/15,19,0,7
1337,Senegal,7/3/15,1,0,0
1338,Spain,7/3/15,1,0,0
1339,United States of America,7/3/15,4,0,1
1340,Guinea,7/6/15,3287,7,2048
1341,Liberia,7/6/15,3151,5636,NA
1342,Sierra Leone,7/6/15,8673,4190,3574
1343,Liberia 2,7/6/15,3,NA,1
1344,Italy,7/6/15,1,0,NA
1345,United Kingdom,7/6/15,1,0,NA
1346,Mali,7/6/15,7,0,NA
1347,Nigeria,7/6/15,19,0,7
1348,Senegal,7/6/15,1,0,0
1349,Spain,7/6/15,1,0,0
1350,United States of America,7/6/15,4,0,1
1351,Guinea,7/7/15,3287,11,2049
1352,Sierra Leone,7/7/15,8674,4194,3574
1353,Liberia,7/7/15,3151,5636,NA
1354,Liberia 2,7/7/15,3,NA,1
1355,Italy,7/7/15,1,0,NA
1356,United Kingdom,7/7/15,1,0,NA
1357,Mali,7/7/15,7,0,NA
1358,Nigeria,7/7/15,19,0,7
1359,Senegal,7/7/15,1,0,0
1360,Spain,7/7/15,1,0,0
1361,United States of America,7/7/15,4,0,1
1362,Sierra Leone,7/8/15,8674,4194,3574
1363,Liberia,7/8/15,3151,5636,NA
1364,Guinea,7/8/15,3287,11,2049
1365,Liberia 2,7/8/15,3,NA,1
1366,Italy,7/8/15,1,0,NA
1367,United Kingdom,7/8/15,1,0,NA
1368,Mali,7/8/15,7,0,NA
1369,Nigeria,7/8/15,19,0,7
1370,Senegal,7/8/15,1,0,0
1371,Spain,7/8/15,1,0,0
1372,United States of America,7/8/15,4,0,1
1373,Guinea,7/9/15,3290,4,2055
1374,Liberia,7/9/15,3151,5636,NA
1375,Sierra Leone,7/9/15,8675,4207,3575
1376,Liberia 2,7/9/15,5,NA,1
1377,Italy,7/9/15,1,0,NA
1378,United Kingdom,7/9/15,1,0,NA
1379,Mali,7/9/15,7,0,NA
1380,Nigeria,7/9/15,19,0,7
1381,Senegal,7/9/15,1,0,0
1382,Spain,7/9/15,1,0,0
1383,United States of America,7/9/15,4,0,1
1384,Guinea,7/10/15,3293,8,2055
1385,Liberia,7/10/15,3151,5636,NA
1386,Sierra Leone,7/10/15,8676,4214,3575
1387,Liberia 2,7/10/15,5,NA,1
1388,Italy,7/10/15,1,0,NA
1389,United Kingdom,7/10/15,1,0,NA
1390,Mali,7/10/15,7,0,NA
1391,Nigeria,7/10/15,19,0,7
1392,Senegal,7/10/15,1,0,0
1393,Spain,7/10/15,1,0,0
1394,United States of America,7/10/15,4,0,1
1395,Guinea,7/13/15,3299,5,2056
1396,Liberia,7/13/15,3151,5636,NA
1397,Sierra Leone,7/13/15,8687,4227,3580
1398,Liberia 2,7/13/15,5,NA,1
1399,Italy,7/13/15,1,0,NA
1400,United Kingdom,7/13/15,1,0,NA
1401,Mali,7/13/15,7,0,NA
1402,Nigeria,7/13/15,19,0,7
1403,Senegal,7/13/15,1,0,0
1404,Spain,7/13/15,1,0,0
1405,United States of America,7/13/15,4,0,1
1406,Guinea,7/14/15,3300,10,2056
1407,Liberia,7/14/15,3151,5636,NA
1408,Sierra Leone,7/14/15,8688,4234,3581
1409,Liberia 2,7/14/15,6,NA,2
1410,Italy,7/14/15,1,0,NA
1411,United Kingdom,7/14/15,1,0,NA
1412,Mali,7/14/15,7,0,NA
1413,Nigeria,7/14/15,19,0,7
1414,Senegal,7/14/15,1,0,0
1415,Spain,7/14/15,1,0,0
1416,United States of America,7/14/15,4,0,1
1417,Sierra Leone,7/15/15,8688,4234,3581
1418,Guinea,7/15/15,3300,10,2056
1419,Liberia,7/15/15,3151,5636,NA
1420,Liberia 2,7/15/15,6,NA,2
1421,Italy,7/15/15,1,0,NA
1422,United Kingdom,7/15/15,1,0,NA
1423,Mali,7/15/15,7,0,NA
1424,Nigeria,7/15/15,19,0,7
1425,Senegal,7/15/15,1,0,0
1426,Spain,7/15/15,1,0,0
1427,United States of America,7/15/15,4,0,1
1428,Guinea,7/16/15,3304,8,2056
1429,Liberia,7/16/15,3151,5636,NA
1430,Sierra Leone,7/16/15,8688,4234,3581
1431,Liberia 2,7/16/15,6,NA,2
1432,Italy,7/16/15,1,0,NA
1433,United Kingdom,7/16/15,1,0,NA
1434,Mali,7/16/15,7,0,NA
1435,Nigeria,7/16/15,19,0,7
1436,Senegal,7/16/15,1,0,0
1437,Spain,7/16/15,1,0,0
1438,United States of America,7/16/15,4,0,1
1439,Guinea,7/17/15,3310,10,2059
1440,Liberia,7/17/15,3151,5636,NA
1441,Sierra Leone,7/17/15,8688,4234,3581
1442,Liberia 2,7/17/15,6,NA,2
1443,Italy,7/17/15,1,0,NA
1444,United Kingdom,7/17/15,1,0,NA
1445,Mali,7/17/15,7,0,NA
1446,Nigeria,7/17/15,19,0,7
1447,Senegal,7/17/15,1,0,0
1448,Spain,7/17/15,1,0,0
1449,United States of America,7/17/15,4,0,1
1450,Guinea,7/20/15,3322,12,2061
1451,Liberia,7/20/15,3151,5636,NA
1452,Sierra Leone,7/20/15,8692,4262,3583
1453,Liberia 2,7/20/15,6,NA,2
1454,Italy,7/20/15,1,0,NA
1455,United Kingdom,7/20/15,1,0,NA
1456,Mali,7/20/15,7,0,NA
1457,Nigeria,7/20/15,19,0,7
1458,Senegal,7/20/15,1,0,0
1459,Spain,7/20/15,1,0,0
1460,United States of America,7/20/15,4,0,1
1461,Guinea,7/21/15,3322,11,2062
1462,Liberia,7/21/15,3151,5636,NA
1463,Sierra Leone,7/21/15,8692,4271,3583
1464,Liberia 2,7/21/15,6,NA,2
1465,Italy,7/21/15,1,0,NA
1466,United Kingdom,7/21/15,1,0,NA
1467,Mali,7/21/15,7,0,NA
1468,Nigeria,7/21/15,19,0,7
1469,Senegal,7/21/15,1,0,0
1470,Spain,7/21/15,1,0,0
1471,United States of America,7/21/15,4,0,1
1472,Guinea,7/22/15,3322,11,2062
1473,Liberia,7/22/15,3151,5636,NA
1474,Sierra Leone,7/22/15,8692,4271,3583
1475,Liberia 2,7/22/15,6,NA,2
1476,Italy,7/22/15,1,0,NA
1477,United Kingdom,7/22/15,1,0,NA
1478,Mali,7/22/15,7,0,NA
1479,Nigeria,7/22/15,19,0,7
1480,Senegal,7/22/15,1,0,0
1481,Spain,7/22/15,1,0,0
1482,United States of America,7/22/15,4,0,1
1483,Guinea,7/23/15,3325,13,2066
1484,Liberia,7/23/15,3151,5636,NA
1485,Sierra Leone,7/23/15,8693,4282,3583
1486,Liberia 2,7/23/15,6,NA,2
1487,Italy,7/23/15,1,0,NA
1488,United Kingdom,7/23/15,1,0,NA
1489,Mali,7/23/15,7,0,NA
1490,Nigeria,7/23/15,19,0,7
1491,Senegal,7/23/15,1,0,0
1492,Spain,7/23/15,1,0,0
1493,United States of America,7/23/15,4,0,1
1494,Guinea,7/24/15,3325,11,2066
1495,Liberia,7/24/15,3151,5636,NA
1496,Sierra Leone,7/24/15,8693,4284,3583
1497,Liberia 2,7/24/15,6,NA,2
1498,Italy,7/24/15,1,0,NA
1499,United Kingdom,7/24/15,1,0,NA
1500,Mali,7/24/15,7,0,NA
1501,Nigeria,7/24/15,19,0,7
1502,Senegal,7/24/15,1,0,0
1503,Spain,7/24/15,1,0,0
1504,United States of America,7/24/15,4,0,1
1505,Guinea,7/27/15,3325,16,2068
1506,Liberia,7/27/15,3151,5636,NA
1507,Sierra Leone,7/27/15,8694,4302,3585
1508,Liberia 2,7/27/15,6,NA,2
1509,Italy,7/27/15,1,0,NA
1510,United Kingdom,7/27/15,1,0,NA
1511,Mali,7/27/15,7,0,NA
1512,Nigeria,7/27/15,19,0,7
1513,Senegal,7/27/15,1,0,0
1514,Spain,7/27/15,1,0,0
1515,United States of America,7/27/15,4,0,1
1516,Guinea,7/28/15,3326,9,2069
1517,Liberia,7/28/15,3151,5636,NA
1518,Sierra Leone,7/28/15,8694,4309,3585
1519,Liberia 2,7/28/15,6,NA,2
1520,Italy,7/28/15,1,0,NA
1521,United Kingdom,7/28/15,1,0,NA
1522,Mali,7/28/15,7,0,NA
1523,Nigeria,7/28/15,19,0,7
1524,Senegal,7/28/15,1,0,0
1525,Spain,7/28/15,1,0,0
1526,United States of America,7/28/15,4,0,1
1527,Sierra Leone,7/29/15,8694,4309,3585
1528,Guinea,7/29/15,3326,9,2069
1529,Liberia,7/29/15,3151,5636,NA
1530,Liberia 2,7/29/15,6,NA,2
1531,Italy,7/29/15,1,0,NA
1532,United Kingdom,7/29/15,1,0,NA
1533,Mali,7/29/15,7,0,NA
1534,Nigeria,7/29/15,19,0,7
1535,Senegal,7/29/15,1,0,0
1536,Spain,7/29/15,1,0,0
1537,United States of America,7/29/15,4,0,1
1538,Sierra Leone,7/30/15,8694,4398,3585
1539,Liberia,7/30/15,3151,5636,NA
1540,Guinea,7/30/15,3326,7,2069
1541,Liberia 2,7/30/15,6,NA,2
1542,Italy,7/30/15,1,0,NA
1543,United Kingdom,7/30/15,1,0,NA
1544,Mali,7/30/15,7,0,NA
1545,Nigeria,7/30/15,19,0,7
1546,Senegal,7/30/15,1,0,0
1547,Spain,7/30/15,1,0,0
1548,United States of America,7/30/15,4,0,1
1549,Guinea,7/31/15,3326,3,2069
1550,Sierra Leone,7/31/15,8694,4406,3585
1551,Liberia,7/31/15,3151,5636,NA
1552,Liberia 2,7/31/15,6,NA,2
1553,Italy,7/31/15,1,0,NA
1554,United Kingdom,7/31/15,1,0,NA
1555,Mali,7/31/15,7,0,NA
1556,Nigeria,7/31/15,19,0,7
1557,Senegal,7/31/15,1,0,0
1558,Spain,7/31/15,1,0,0
1559,United States of America,7/31/15,4,0,1
1560,Liberia,8/3/15,3151,5636,NA
1561,Sierra Leone,8/3/15,8695,4420,3585
1562,Guinea,8/3/15,3327,7,2070
1563,Liberia 2,8/3/15,6,NA,2
1564,Italy,8/3/15,1,0,NA
1565,United Kingdom,8/3/15,1,0,NA
1566,Mali,8/3/15,7,0,NA
1567,Nigeria,8/3/15,19,0,7
1568,Senegal,8/3/15,1,0,0
1569,Spain,8/3/15,1,0,0
1570,United States of America,8/3/15,4,0,1
1571,Liberia,8/4/15,3151,5636,NA
1572,Sierra Leone,8/4/15,8695,4424,3585
1573,Guinea,8/4/15,3327,5,2070
1574,Liberia 2,8/4/15,6,NA,2
1575,Italy,8/4/15,1,0,NA
1576,United Kingdom,8/4/15,1,0,NA
1577,Mali,8/4/15,7,0,NA
1578,Nigeria,8/4/15,19,0,7
1579,Senegal,8/4/15,1,0,0
1580,Spain,8/4/15,1,0,0
1581,United States of America,8/4/15,4,0,1
1582,Liberia,8/5/15,3151,5636,NA
1583,Sierra Leone,8/5/15,8695,4424,3585
1584,Guinea,8/5/15,3327,5,2070
1585,Liberia 2,8/5/15,6,NA,2
1586,Italy,8/5/15,1,0,NA
1587,United Kingdom,8/5/15,1,0,NA
1588,Mali,8/5/15,7,0,NA
1589,Nigeria,8/5/15,19,0,7
1590,Senegal,8/5/15,1,0,0
1591,Spain,8/5/15,1,0,0
1592,United States of America,8/5/15,4,0,1
1593,Sierra Leone,8/6/15,8696,4443,3585
1594,Guinea,8/6/15,3329,11,2072
1595,Liberia,8/6/15,3151,5636,NA
1596,Liberia 2,8/6/15,6,NA,2
1597,Italy,8/6/15,1,0,NA
1598,United Kingdom,8/6/15,1,0,NA
1599,Mali,8/6/15,7,0,NA
1600,Nigeria,8/6/15,19,0,7
1601,Senegal,8/6/15,1,0,0
1602,Spain,8/6/15,1,0,0
1603,United States of America,8/6/15,4,0,1
1604,Liberia,8/7/15,3151,5636,NA
1605,Sierra Leone,8/7/15,8696,4445,3585
1606,Guinea,8/7/15,3329,14,2072
1607,Liberia 2,8/7/15,6,NA,2
1608,Italy,8/7/15,1,0,NA
1609,United Kingdom,8/7/15,1,0,NA
1610,Mali,8/7/15,7,0,NA
1611,Nigeria,8/7/15,19,0,7
1612,Senegal,8/7/15,1,0,0
1613,Spain,8/7/15,1,0,0
1614,United States of America,8/7/15,4,0,1
1615,Liberia,8/10/15,3151,5636,NA
1616,Sierra Leone,8/10/15,8697,4481,3585
1617,Guinea,8/10/15,3329,10,2072
1618,Liberia 2,8/10/15,6,NA,2
1619,Italy,8/10/15,1,0,NA
1620,United Kingdom,8/10/15,1,0,NA
1621,Mali,8/10/15,7,0,NA
1622,Nigeria,8/10/15,19,0,7
1623,Senegal,8/10/15,1,0,0
1624,Spain,8/10/15,1,0,0
1625,United States of America,8/10/15,4,0,1
1626,Liberia,8/11/15,3151,5636,NA
1627,Sierra Leone,8/11/15,8697,4486,3585
1628,Guinea,8/11/15,3329,6,2072
1629,Liberia 2,8/11/15,6,NA,2
1630,Italy,8/11/15,1,0,NA
1631,United Kingdom,8/11/15,1,0,NA
1632,Mali,8/11/15,7,0,NA
1633,Nigeria,8/11/15,19,0,7
1634,Senegal,8/11/15,1,0,0
1635,Spain,8/11/15,1,0,0
1636,United States of America,8/11/15,4,0,1
1637,Guinea,8/12/15,3329,6,2072
1638,Liberia,8/12/15,3151,5636,NA
1639,Sierra Leone,8/12/15,8697,4486,3585
1640,Liberia 2,8/12/15,6,NA,2
1641,Italy,8/12/15,1,0,NA
1642,United Kingdom,8/12/15,1,0,NA
1643,Mali,8/12/15,7,0,NA
1644,Nigeria,8/12/15,19,0,7
1645,Senegal,8/12/15,1,0,0
1646,Spain,8/12/15,1,0,0
1647,United States of America,8/12/15,4,0,1
1648,Guinea,8/13/15,3330,10,2072
1649,Liberia,8/13/15,3151,5636,NA
1650,Sierra Leone,8/13/15,8697,4500,3585
1651,Liberia 2,8/13/15,6,NA,2
1652,Italy,8/13/15,1,0,NA
1653,United Kingdom,8/13/15,1,0,NA
1654,Mali,8/13/15,7,0,NA
1655,Nigeria,8/13/15,19,0,7
1656,Senegal,8/13/15,1,0,0
1657,Spain,8/13/15,1,0,0
1658,United States of America,8/13/15,4,0,1
1659,Liberia,8/14/15,3151,5636,NA
1660,Sierra Leone,8/14/15,8697,4501,3586
1661,Guinea,8/14/15,3330,9,2072
1662,Liberia 2,8/14/15,6,NA,2
1663,Italy,8/14/15,1,0,NA
1664,United Kingdom,8/14/15,1,0,NA
1665,Mali,8/14/15,7,0,NA
1666,Nigeria,8/14/15,19,0,7
1667,Senegal,8/14/15,1,0,0
1668,Spain,8/14/15,1,0,0
1669,United States of America,8/14/15,4,0,1
1670,Guinea,8/17/15,3332,6,2072
1671,Sierra Leone,8/17/15,8697,4505,3586
1672,Liberia,8/17/15,3151,5636,NA
1673,Liberia 2,8/17/15,6,NA,2
1674,Italy,8/17/15,1,0,NA
1675,United Kingdom,8/17/15,1,0,NA
1676,Mali,8/17/15,7,0,NA
1677,Nigeria,8/17/15,19,0,7
1678,Senegal,8/17/15,1,0,0
1679,Spain,8/17/15,1,0,0
1680,United States of America,8/17/15,4,0,1
1681,Guinea,8/18/15,3332,2,2072
1682,Liberia,8/18/15,3151,5636,NA
1683,Sierra Leone,8/18/15,8697,4510,3586
1684,Liberia 2,8/18/15,6,NA,2
1685,Italy,8/18/15,1,0,NA
1686,United Kingdom,8/18/15,1,0,NA
1687,Mali,8/18/15,7,0,NA
1688,Nigeria,8/18/15,19,0,7
1689,Senegal,8/18/15,1,0,0
1690,Spain,8/18/15,1,0,0
1691,United States of America,8/18/15,4,0,1
1692,Sierra Leone,8/19/15,8697,4510,3586
1693,Guinea,8/19/15,3332,2,2072
1694,Liberia,8/19/15,3151,5636,NA
1695,Liberia 2,8/19/15,6,NA,2
1696,Italy,8/19/15,1,0,NA
1697,United Kingdom,8/19/15,1,0,NA
1698,Mali,8/19/15,7,0,NA
1699,Nigeria,8/19/15,19,0,7
1700,Senegal,8/19/15,1,0,0
1701,Spain,8/19/15,1,0,0
1702,United States of America,8/19/15,4,0,1
1703,Liberia,8/20/15,3151,5636,NA
1704,Sierra Leone,8/20/15,8697,4534,3586
1705,Guinea,8/20/15,3334,6,2074
1706,Liberia 2,8/20/15,6,NA,2
1707,Italy,8/20/15,1,0,NA
1708,United Kingdom,8/20/15,1,0,NA
1709,Mali,8/20/15,7,0,NA
1710,Nigeria,8/20/15,19,0,7
1711,Senegal,8/20/15,1,0,0
1712,Spain,8/20/15,1,0,0
1713,United States of America,8/20/15,4,0,1
1714,Liberia,8/21/15,3151,5636,NA
1715,Sierra Leone,8/21/15,8697,4549,3586
1716,Guinea,8/21/15,3334,9,2074
1717,Liberia 2,8/21/15,6,NA,2
1718,Italy,8/21/15,1,0,NA
1719,United Kingdom,8/21/15,1,0,NA
1720,Mali,8/21/15,7,0,NA
1721,Nigeria,8/21/15,19,0,7
1722,Senegal,8/21/15,1,0,0
1723,Spain,8/21/15,1,0,0
1724,United States of America,8/21/15,4,0,1
1725,Guinea,8/24/15,3334,4,2075
1726,Liberia,8/24/15,3151,5636,NA
1727,Sierra Leone,8/24/15,8697,4554,3586
1728,Liberia 2,8/24/15,6,NA,2
1729,Italy,8/24/15,1,0,NA
1730,United Kingdom,8/24/15,1,0,NA
1731,Mali,8/24/15,7,0,NA
1732,Nigeria,8/24/15,19,0,7
1733,Senegal,8/24/15,1,0,0
1734,Spain,8/24/15,1,0,0
1735,United States of America,8/24/15,4,0,1
1736,Guinea,8/25/15,3335,5,2075
1737,Liberia,8/25/15,3151,5636,NA
1738,Sierra Leone,8/25/15,8697,4557,3586
1739,Liberia 2,8/25/15,6,NA,2
1740,Italy,8/25/15,1,0,NA
1741,United Kingdom,8/25/15,1,0,NA
1742,Mali,8/25/15,7,0,NA
1743,Nigeria,8/25/15,19,0,7
1744,Senegal,8/25/15,1,0,0
1745,Spain,8/25/15,1,0,0
1746,United States of America,8/25/15,4,0,1
1747,Liberia,8/26/15,3151,5636,NA
1748,Guinea,8/26/15,3335,5,2075
1749,Sierra Leone,8/26/15,8697,4557,3586
1750,Liberia 2,8/26/15,6,NA,2
1751,Italy,8/26/15,1,0,NA
1752,United Kingdom,8/26/15,1,0,NA
1753,Mali,8/26/15,7,0,NA
1754,Nigeria,8/26/15,19,0,7
1755,Senegal,8/26/15,1,0,0
1756,Spain,8/26/15,1,0,0
1757,United States of America,8/26/15,4,0,1
1758,Liberia,8/27/15,3151,5636,NA
1759,Sierra Leone,8/27/15,8697,4598,3586
1760,Guinea,8/27/15,3336,9,2076
1761,Liberia 2,8/27/15,6,NA,2
1762,Italy,8/27/15,1,0,NA
1763,United Kingdom,8/27/15,1,0,NA
1764,Mali,8/27/15,7,0,NA
1765,Nigeria,8/27/15,19,0,7
1766,Senegal,8/27/15,1,0,0
1767,Spain,8/27/15,1,0,0
1768,United States of America,8/27/15,4,0,1
1769,Liberia,8/28/15,3151,5636,NA
1770,Sierra Leone,8/28/15,8697,4602,3586
1771,Guinea,8/28/15,3336,9,2076
1772,Liberia 2,8/28/15,6,NA,2
1773,Italy,8/28/15,1,0,NA
1774,United Kingdom,8/28/15,1,0,NA
1775,Mali,8/28/15,7,0,NA
1776,Nigeria,8/28/15,19,0,7
1777,Senegal,8/28/15,1,0,0
1778,Spain,8/28/15,1,0,0
1779,United States of America,8/28/15,4,0,1
1780,Liberia,8/31/15,3151,5636,NA
1781,Sierra Leone,8/31/15,8698,4618,3587
1782,Guinea,8/31/15,3337,1,2076
1783,Liberia 2,8/31/15,6,NA,2
1784,Italy,8/31/15,1,0,NA
1785,United Kingdom,8/31/15,1,0,NA
1786,Mali,8/31/15,7,0,NA
1787,Nigeria,8/31/15,19,0,7
1788,Senegal,8/31/15,1,0,0
1789,Spain,8/31/15,1,0,0
1790,United States of America,8/31/15,4,0,1
1791,Guinea,9/1/15,3337,3,2077
1792,Liberia,9/1/15,3151,5636,NA
1793,Sierra Leone,9/1/15,8698,4624,3587
1794,Liberia 2,9/1/15,6,NA,2
1795,Italy,9/1/15,1,0,NA
1796,United Kingdom,9/1/15,1,0,NA
1797,Mali,9/1/15,7,0,NA
1798,Nigeria,9/1/15,19,0,7
1799,Senegal,9/1/15,1,0,0
1800,Spain,9/1/15,1,0,0
1801,United States of America,9/1/15,4,0,1
1802,Guinea,9/2/15,3337,3,2077
1803,Sierra Leone,9/2/15,8698,4624,3587
1804,Liberia,9/2/15,3151,5636,NA
1805,Liberia 2,9/2/15,6,NA,2
1806,Italy,9/2/15,1,0,NA
1807,United Kingdom,9/2/15,1,0,NA
1808,Mali,9/2/15,7,0,NA
1809,Nigeria,9/2/15,19,0,7
1810,Senegal,9/2/15,1,0,0
1811,Spain,9/2/15,1,0,0
1812,United States of America,9/2/15,4,0,1
1813,Guinea,9/3/15,3338,2,2077
1814,Liberia,9/3/15,3151,5636,NA
1815,Sierra Leone,9/3/15,8698,4653,3587
1816,Liberia 2,9/3/15,6,NA,2
1817,Italy,9/3/15,1,0,NA
1818,United Kingdom,9/3/15,1,0,NA
1819,Mali,9/3/15,7,0,NA
1820,Nigeria,9/3/15,19,0,7
1821,Senegal,9/3/15,1,0,0
1822,Spain,9/3/15,1,0,0
1823,United States of America,9/3/15,4,0,1
1824,Guinea,9/4/15,3338,2,2077
1825,Sierra Leone,9/4/15,8698,4654,3587
1826,Liberia,9/4/15,3151,5636,NA
1827,Liberia 2,9/4/15,6,NA,2
1828,Italy,9/4/15,1,0,NA
1829,United Kingdom,9/4/15,1,0,NA
1830,Mali,9/4/15,7,0,NA
1831,Nigeria,9/4/15,19,0,7
1832,Senegal,9/4/15,1,0,0
1833,Spain,9/4/15,1,0,0
1834,United States of America,9/4/15,4,0,1
1835,Liberia,9/7/15,3151,5636,NA
1836,Sierra Leone,9/7/15,8699,4684,3587
1837,Guinea,9/7/15,3338,3,2078
1838,Liberia 2,9/7/15,6,NA,2
1839,Italy,9/7/15,1,0,NA
1840,United Kingdom,9/7/15,1,0,NA
1841,Mali,9/7/15,7,0,NA
1842,Nigeria,9/7/15,19,0,7
1843,Senegal,9/7/15,1,0,0
1844,Spain,9/7/15,1,0,0
1845,United States of America,9/7/15,4,0,1
1846,Liberia,9/8/15,3151,5636,NA
1847,Sierra Leone,9/8/15,8699,4697,3587
1848,Guinea,9/8/15,3338,2,2078
1849,Liberia 2,9/8/15,6,NA,2
1850,Italy,9/8/15,1,0,NA
1851,United Kingdom,9/8/15,1,0,NA
1852,Mali,9/8/15,7,0,NA
1853,Nigeria,9/8/15,19,0,7
1854,Senegal,9/8/15,1,0,0
1855,Spain,9/8/15,1,0,0
1856,United States of America,9/8/15,4,0,1
1857,Guinea,9/9/15,3338,2,2078
1858,Sierra Leone,9/9/15,8699,4697,3587
1859,Liberia,9/9/15,3151,5636,NA
1860,Liberia 2,9/9/15,6,NA,2
1861,Italy,9/9/15,1,0,NA
1862,United Kingdom,9/9/15,1,0,NA
1863,Mali,9/9/15,7,0,NA
1864,Nigeria,9/9/15,19,0,7
1865,Senegal,9/9/15,1,0,0
1866,Spain,9/9/15,1,0,0
1867,United States of America,9/9/15,4,0,1
1868,Liberia,9/10/15,3151,5636,NA
1869,Sierra Leone,9/10/15,8702,4708,3587
1870,Guinea,9/10/15,3338,1,2078
1871,Liberia 2,9/10/15,6,NA,2
1872,Italy,9/10/15,1,0,NA
1873,United Kingdom,9/10/15,1,0,NA
1874,Mali,9/10/15,7,0,NA
1875,Nigeria,9/10/15,19,0,7
1876,Senegal,9/10/15,1,0,0
1877,Spain,9/10/15,1,0,0
1878,United States of America,9/10/15,4,0,1
1879,Liberia,9/11/15,3151,5636,NA
1880,Sierra Leone,9/11/15,8703,4711,3587
1881,Guinea,9/11/15,3338,1,2078
1882,Liberia 2,9/11/15,6,NA,2
1883,Italy,9/11/15,1,0,NA
1884,United Kingdom,9/11/15,1,0,NA
1885,Mali,9/11/15,7,0,NA
1886,Nigeria,9/11/15,19,0,7
1887,Senegal,9/11/15,1,0,0
1888,Spain,9/11/15,1,0,0
1889,United States of America,9/11/15,4,0,1
1890,Liberia,9/14/15,3151,5636,NA
1891,Sierra Leone,9/14/15,8703,4757,3587
1892,Guinea,9/14/15,3338,3,2078
1893,Liberia 2,9/14/15,6,NA,2
1894,Italy,9/14/15,1,0,NA
1895,United Kingdom,9/14/15,1,0,NA
1896,Mali,9/14/15,7,0,NA
1897,Nigeria,9/14/15,19,0,7
1898,Senegal,9/14/15,1,0,0
1899,Spain,9/14/15,1,0,0
1900,United States of America,9/14/15,4,0,1
1901,Sierra Leone,9/15/15,8704,4765,3587
1902,Guinea,9/15/15,3338,2,2078
1903,Liberia,9/15/15,3151,5636,NA
1904,Liberia 2,9/15/15,6,NA,2
1905,Italy,9/15/15,1,0,NA
1906,United Kingdom,9/15/15,1,0,NA
1907,Mali,9/15/15,7,0,NA
1908,Nigeria,9/15/15,19,0,7
1909,Senegal,9/15/15,1,0,0
1910,Spain,9/15/15,1,0,0
1911,United States of America,9/15/15,4,0,1
1912,Guinea,9/16/15,3338,2,2078
1913,Sierra Leone,9/16/15,8704,4765,3587
1914,Liberia,9/16/15,3151,5636,NA
1915,Liberia 2,9/16/15,6,NA,2
1916,Italy,9/16/15,1,0,NA
1917,United Kingdom,9/16/15,1,0,NA
1918,Mali,9/16/15,7,0,NA
1919,Nigeria,9/16/15,19,0,7
1920,Senegal,9/16/15,1,0,0
1921,Spain,9/16/15,1,0,0
1922,United States of America,9/16/15,4,0,1
1923,Liberia,9/17/15,3151,5636,NA
1924,Sierra Leone,9/17/15,8704,4788,3589
1925,Guinea,9/17/15,3338,4,2078
1926,Liberia 2,9/17/15,6,NA,2
1927,Italy,9/17/15,1,0,NA
1928,United Kingdom,9/17/15,1,0,NA
1929,Mali,9/17/15,7,0,NA
1930,Nigeria,9/17/15,19,0,7
1931,Senegal,9/17/15,1,0,0
1932,Spain,9/17/15,1,0,0
1933,United States of America,9/17/15,4,0,1
1934,Liberia,9/18/15,3151,5636,NA
1935,Sierra Leone,9/18/15,8704,4794,3589
1936,Guinea,9/18/15,3339,3,2079
1937,Liberia 2,9/18/15,6,NA,2
1938,Italy,9/18/15,1,0,NA
1939,United Kingdom,9/18/15,1,0,NA
1940,Mali,9/18/15,7,0,NA
1941,Nigeria,9/18/15,19,0,7
1942,Senegal,9/18/15,1,0,0
1943,Spain,9/18/15,1,0,0
1944,United States of America,9/18/15,4,0,1
1945,Sierra Leone,9/21/15,8704,4820,3589
1946,Guinea,9/21/15,3340,4,2079
1947,Liberia,9/21/15,3151,5636,NA
1948,Liberia 2,9/21/15,6,NA,2
1949,Italy,9/21/15,1,0,NA
1950,United Kingdom,9/21/15,1,0,NA
1951,Mali,9/21/15,7,0,NA
1952,Nigeria,9/21/15,19,0,7
1953,Senegal,9/21/15,1,0,0
1954,Spain,9/21/15,1,0,0
1955,United States of America,9/21/15,4,0,1
1956,Guinea,9/22/15,3340,7,2079
1957,Liberia,9/22/15,3151,5636,NA
1958,Sierra Leone,9/22/15,8704,4832,3589
1959,Liberia 2,9/22/15,6,NA,2
1960,Italy,9/22/15,1,0,NA
1961,United Kingdom,9/22/15,1,0,NA
1962,Mali,9/22/15,7,0,NA
1963,Nigeria,9/22/15,19,0,7
1964,Senegal,9/22/15,1,0,0
1965,Spain,9/22/15,1,0,0
1966,United States of America,9/22/15,4,0,1
1967,Liberia,9/23/15,3151,5636,NA
1968,Sierra Leone,9/23/15,8704,4832,3589
1969,Guinea,9/23/15,3340,7,2079
1970,Liberia 2,9/23/15,6,NA,2
1971,Italy,9/23/15,1,0,NA
1972,United Kingdom,9/23/15,1,0,NA
1973,Mali,9/23/15,7,0,NA
1974,Nigeria,9/23/15,19,0,7
1975,Senegal,9/23/15,1,0,0
1976,Spain,9/23/15,1,0,0
1977,United States of America,9/23/15,4,0,1
1978,Liberia,9/24/15,3151,5636,NA
1979,Sierra Leone,9/24/15,8704,4855,3589
1980,Guinea,9/24/15,3340,8,2080
1981,Liberia 2,9/24/15,6,NA,2
1982,Italy,9/24/15,1,0,NA
1983,United Kingdom,9/24/15,1,0,NA
1984,Mali,9/24/15,7,0,NA
1985,Nigeria,9/24/15,19,0,7
1986,Senegal,9/24/15,1,0,0
1987,Spain,9/24/15,1,0,0
1988,United States of America,9/24/15,4,0,1
1989,Liberia,9/25/15,3151,5636,NA
1990,Sierra Leone,9/25/15,8704,4864,3589
1991,Guinea,9/25/15,3340,4,2080
1992,Liberia 2,9/25/15,6,NA,2
1993,Italy,9/25/15,1,0,NA
1994,United Kingdom,9/25/15,1,0,NA
1995,Mali,9/25/15,7,0,NA
1996,Nigeria,9/25/15,19,0,7
1997,Senegal,9/25/15,1,0,0
1998,Spain,9/25/15,1,0,0
1999,United States of America,9/25/15,4,0,1
2000,Sierra Leone,9/28/15,8704,4903,3589
2001,Liberia,9/28/15,3151,5636,NA
2002,Guinea,9/28/15,3342,10,2080
2003,Liberia 2,9/28/15,6,NA,2
2004,Italy,9/28/15,1,0,NA
2005,United Kingdom,9/28/15,1,0,NA
2006,Mali,9/28/15,7,0,NA
2007,Nigeria,9/28/15,19,0,7
2008,Senegal,9/28/15,1,0,0
2009,Spain,9/28/15,1,0,0
2010,United States of America,9/28/15,4,0,1
2011,Liberia,9/29/15,3151,5636,NA
2012,Sierra Leone,9/29/15,8704,4920,3589
2013,Guinea,9/29/15,3344,8,2080
2014,Liberia 2,9/29/15,6,NA,2
2015,Italy,9/29/15,1,0,NA
2016,United Kingdom,9/29/15,1,0,NA
2017,Mali,9/29/15,7,0,NA
2018,Nigeria,9/29/15,19,0,7
2019,Senegal,9/29/15,1,0,0
2020,Spain,9/29/15,1,0,0
2021,United States of America,9/29/15,4,0,1
2022,Liberia,9/30/15,3151,5636,NA
2023,Sierra Leone,9/30/15,8704,4920,3589
2024,Guinea,9/30/15,3344,8,2080
2025,Liberia 2,9/30/15,6,NA,2
2026,Italy,9/30/15,1,0,NA
2027,United Kingdom,9/30/15,1,0,NA
2028,Mali,9/30/15,7,0,NA
2029,Nigeria,9/30/15,19,0,7
2030,Senegal,9/30/15,1,0,0
2031,Spain,9/30/15,1,0,0
2032,United States of America,9/30/15,4,0,1
2033,Sierra Leone,10/1/15,8704,4937,3589
2034,Liberia,10/1/15,3151,5636,NA
2035,Guinea,10/1/15,3344,11,2080
2036,Liberia 2,10/1/15,6,NA,2
2037,Italy,10/1/15,1,0,NA
2038,United Kingdom,10/1/15,1,0,NA
2039,Mali,10/1/15,7,0,NA
2040,Nigeria,10/1/15,19,0,7
2041,Senegal,10/1/15,1,0,0
2042,Spain,10/1/15,1,0,0
2043,United States of America,10/1/15,4,0,1
2044,Sierra Leone,10/2/15,8704,4940,3589
2045,Liberia,10/2/15,3151,5636,NA
2046,Guinea,10/2/15,3344,12,2080
2047,Liberia 2,10/2/15,6,NA,2
2048,Italy,10/2/15,1,0,NA
2049,United Kingdom,10/2/15,1,0,NA
2050,Mali,10/2/15,7,0,NA
2051,Nigeria,10/2/15,19,0,7
2052,Senegal,10/2/15,1,0,0
2053,Spain,10/2/15,1,0,0
2054,United States of America,10/2/15,4,0,1
2055,Liberia,10/5/15,3151,5636,NA
2056,Sierra Leone,10/5/15,8704,4950,3589
2057,Guinea,10/5/15,3344,7,2081
2058,Liberia 2,10/5/15,6,NA,2
2059,Italy,10/5/15,1,0,NA
2060,United Kingdom,10/5/15,1,0,NA
2061,Mali,10/5/15,7,0,NA
2062,Nigeria,10/5/15,19,0,7
2063,Senegal,10/5/15,1,0,0
2064,Spain,10/5/15,1,0,0
2065,United States of America,10/5/15,4,0,1
2066,Guinea,10/6/15,3344,7,2081
2067,Sierra Leone,10/6/15,8704,4954,3589
2068,Liberia,10/6/15,3151,5636,NA
2069,Liberia 2,10/6/15,6,NA,2
2070,Italy,10/6/15,1,0,NA
2071,United Kingdom,10/6/15,1,0,NA
2072,Mali,10/6/15,7,0,NA
2073,Nigeria,10/6/15,19,0,7
2074,Senegal,10/6/15,1,0,0
2075,Spain,10/6/15,1,0,0
2076,United States of America,10/6/15,4,0,1
2077,Liberia,10/7/15,3151,5636,NA
2078,Sierra Leone,10/7/15,8704,4954,3589
2079,Guinea,10/7/15,3344,7,2081
2080,Liberia 2,10/7/15,6,NA,2
2081,Italy,10/7/15,1,0,NA
2082,United Kingdom,10/7/15,1,0,NA
2083,Mali,10/7/15,7,0,NA
2084,Nigeria,10/7/15,19,0,7
2085,Senegal,10/7/15,1,0,0
2086,Spain,10/7/15,1,0,0
2087,United States of America,10/7/15,4,0,1
2088,Liberia,10/8/15,3151,5636,NA
2089,Sierra Leone,10/8/15,8704,4965,3589
2090,Guinea,10/8/15,3344,2,2081
2091,Liberia 2,10/8/15,6,NA,2
2092,Italy,10/8/15,1,0,NA
2093,United Kingdom,10/8/15,1,0,NA
2094,Mali,10/8/15,7,0,NA
2095,Nigeria,10/8/15,19,0,7
2096,Senegal,10/8/15,1,0,0
2097,Spain,10/8/15,1,0,0
2098,United States of America,10/8/15,4,0,1
2099,Sierra Leone,10/9/15,8704,4966,3589
2100,Liberia,10/9/15,3151,5636,NA
2101,Guinea,10/9/15,3344,3,2081
2102,Liberia 2,10/9/15,6,NA,2
2103,Italy,10/9/15,1,0,NA
2104,United Kingdom,10/9/15,1,0,NA
2105,Mali,10/9/15,7,0,NA
2106,Nigeria,10/9/15,19,0,7
2107,Senegal,10/9/15,1,0,0
2108,Spain,10/9/15,1,0,0
2109,United States of America,10/9/15,4,0,1
2110,Sierra Leone,10/13/15,8704,4991,3589
2111,Liberia,10/13/15,3151,5636,NA
2112,Guinea,10/13/15,3344,3,2081
2113,Liberia 2,10/13/15,6,NA,2
2114,Italy,10/13/15,1,0,NA
2115,United Kingdom,10/13/15,1,0,NA
2116,Mali,10/13/15,7,0,NA
2117,Nigeria,10/13/15,19,0,7
2118,Senegal,10/13/15,1,0,0
2119,Spain,10/13/15,1,0,0
2120,United States of America,10/13/15,4,0,1
2121,Liberia,10/15/15,3151,5636,NA
2122,Sierra Leone,10/15/15,8704,5001,3589
2123,Guinea,10/15/15,3345,4,2081
2124,Liberia 2,10/15/15,6,NA,2
2125,Italy,10/15/15,1,0,NA
2126,United Kingdom,10/15/15,1,0,NA
2127,Mali,10/15/15,7,0,NA
2128,Nigeria,10/15/15,19,0,7
2129,Senegal,10/15/15,1,0,0
2130,Spain,10/15/15,1,0,0
2131,United States of America,10/15/15,4,0,1
2132,Guinea,10/16/15,3346,5,2082
2133,Liberia,10/16/15,3151,5636,NA
2134,Sierra Leone,10/16/15,8704,5001,3589
2135,Liberia 2,10/16/15,6,NA,2
2136,Italy,10/16/15,1,0,NA
2137,United Kingdom,10/16/15,1,0,NA
2138,Mali,10/16/15,7,0,NA
2139,Nigeria,10/16/15,19,0,7
2140,Senegal,10/16/15,1,0,0
2141,Spain,10/16/15,1,0,0
2142,United States of America,10/16/15,4,0,1
2143,Sierra Leone,10/20/15,8704,5010,3589
2144,Liberia,10/20/15,3151,5636,NA
2145,Guinea,10/20/15,3347,3,2082
2146,Liberia 2,10/20/15,6,NA,2
2147,Italy,10/20/15,1,0,NA
2148,United Kingdom,10/20/15,1,0,NA
2149,Mali,10/20/15,7,0,NA
2150,Nigeria,10/20/15,19,0,7
2151,Senegal,10/20/15,1,0,0
2152,Spain,10/20/15,1,0,0
2153,United States of America,10/20/15,4,0,1
2154,Sierra Leone,10/22/15,8704,5040,3589
2155,Liberia,10/22/15,3151,5636,NA
2156,Guinea,10/22/15,3347,1,2082
2157,Liberia 2,10/22/15,6,NA,2
2158,Italy,10/22/15,1,0,NA
2159,United Kingdom,10/22/15,1,0,NA
2160,Mali,10/22/15,7,0,NA
2161,Nigeria,10/22/15,19,0,7
2162,Senegal,10/22/15,1,0,0
2163,Spain,10/22/15,1,0,0
2164,United States of America,10/22/15,4,0,1
2165,Guinea,10/23/15,3347,1,2082
2166,Sierra Leone,10/23/15,8704,5047,3589
2167,Liberia,10/23/15,3151,5636,NA
2168,Liberia 2,10/23/15,6,NA,2
2169,Italy,10/23/15,1,0,NA
2170,United Kingdom,10/23/15,1,0,NA
2171,Mali,10/23/15,7,0,NA
2172,Nigeria,10/23/15,19,0,7
2173,Senegal,10/23/15,1,0,0
2174,Spain,10/23/15,1,0,0
2175,United States of America,10/23/15,4,0,1
2176,Sierra Leone,10/26/15,8704,5061,3589
2177,Liberia,10/26/15,3151,5636,NA
2178,Guinea,10/26/15,3350,1,2082
2179,Liberia 2,10/26/15,6,NA,2
2180,Italy,10/26/15,1,0,NA
2181,United Kingdom,10/26/15,1,0,NA
2182,Mali,10/26/15,7,0,NA
2183,Nigeria,10/26/15,19,0,7
2184,Senegal,10/26/15,1,0,0
2185,Spain,10/26/15,1,0,0
2186,United States of America,10/26/15,4,0,1
2187,Sierra Leone,10/27/15,8704,5070,3589
2188,Liberia,10/27/15,3151,5636,NA
2189,Guinea,10/27/15,3350,3,2082
2190,Liberia 2,10/27/15,6,NA,2
2191,Italy,10/27/15,1,0,NA
2192,United Kingdom,10/27/15,1,0,NA
2193,Mali,10/27/15,7,0,NA
2194,Nigeria,10/27/15,19,0,7
2195,Senegal,10/27/15,1,0,0
2196,Spain,10/27/15,1,0,0
2197,United States of America,10/27/15,4,0,1
2198,Sierra Leone,10/29/15,8704,5075,3589
2199,Liberia,10/29/15,3151,5636,NA
2200,Guinea,10/29/15,3350,5,2083
2201,Liberia 2,10/29/15,6,NA,2
2202,Italy,10/29/15,1,0,NA
2203,United Kingdom,10/29/15,1,0,NA
2204,Mali,10/29/15,7,0,NA
2205,Nigeria,10/29/15,19,0,7
2206,Senegal,10/29/15,1,0,0
2207,Spain,10/29/15,1,0,0
2208,United States of America,10/29/15,4,0,1
2209,Sierra Leone,10/30/15,8704,5076,3589
2210,Liberia,10/30/15,3151,5636,NA
2211,Guinea,10/30/15,3350,5,2083
2212,Liberia 2,10/30/15,6,NA,2
2213,Italy,10/30/15,1,0,NA
2214,United Kingdom,10/30/15,1,0,NA
2215,Mali,10/30/15,7,0,NA
2216,Nigeria,10/30/15,19,0,7
2217,Senegal,10/30/15,1,0,0
2218,Spain,10/30/15,1,0,0
2219,United States of America,10/30/15,4,0,1
2220,Guinea,11/3/15,3351,6,2083
2221,Liberia,11/3/15,3151,5636,NA
2222,Sierra Leone,11/3/15,8704,5098,3589
2223,Liberia 2,11/3/15,6,NA,2
2224,Italy,11/3/15,1,0,NA
2225,United Kingdom,11/3/15,1,0,NA
2226,Mali,11/3/15,7,0,NA
2227,Nigeria,11/3/15,19,0,7
2228,Senegal,11/3/15,1,0,0
2229,Spain,11/3/15,1,0,0
2230,United States of America,11/3/15,4,0,1
2231,Guinea,11/5/15,3351,1,2083
2232,Sierra Leone,11/5/15,8704,5113,3589
2233,Liberia,11/5/15,3151,5636,NA
2234,Liberia 2,11/5/15,6,NA,2
2235,Italy,11/5/15,1,0,NA
2236,United Kingdom,11/5/15,1,0,NA
2237,Mali,11/5/15,7,0,NA
2238,Nigeria,11/5/15,19,0,7
2239,Senegal,11/5/15,1,0,0
2240,Spain,11/5/15,1,0,0
2241,United States of America,11/5/15,4,0,1
2242,Sierra Leone,11/6/15,8704,5118,3589
2243,Liberia,11/6/15,3151,5636,NA
2244,Guinea,11/6/15,3351,1,2083
2245,Liberia 2,11/6/15,6,NA,2
2246,Italy,11/6/15,1,0,NA
2247,United Kingdom,11/6/15,1,0,NA
2248,Mali,11/6/15,7,0,NA
2249,Nigeria,11/6/15,19,0,7
2250,Senegal,11/6/15,1,0,0
2251,Spain,11/6/15,1,0,0
2252,United States of America,11/6/15,4,0,1
2253,Liberia,11/10/15,3151,5636,NA
2254,Sierra Leone,11/10/15,8704,5131,3589
2255,Guinea,11/10/15,3351,1,2083
2256,Liberia 2,11/10/15,6,NA,2
2257,Italy,11/10/15,1,0,NA
2258,United Kingdom,11/10/15,1,0,NA
2259,Mali,11/10/15,7,0,NA
2260,Nigeria,11/10/15,19,0,7
2261,Senegal,11/10/15,1,0,0
2262,Spain,11/10/15,1,0,0
2263,United States of America,11/10/15,4,0,1
2264,Liberia,11/11/15,3151,5636,NA
2265,Guinea,11/11/15,3351,1,2083
2266,Sierra Leone,11/11/15,8704,5131,3589
2267,Liberia 2,11/11/15,6,NA,2
2268,Italy,11/11/15,1,0,NA
2269,United Kingdom,11/11/15,1,0,NA
2270,Mali,11/11/15,7,0,NA
2271,Nigeria,11/11/15,19,0,7
2272,Senegal,11/11/15,1,0,0
2273,Spain,11/11/15,1,0,0
2274,United States of America,11/11/15,4,0,1
2275,Liberia,11/12/15,3151,5636,NA
2276,Sierra Leone,11/12/15,8704,5131,3589
2277,Guinea,11/12/15,3351,1,2083
2278,Liberia 2,11/12/15,6,NA,2
2279,Italy,11/12/15,1,0,NA
2280,United Kingdom,11/12/15,1,0,NA
2281,Mali,11/12/15,7,0,NA
2282,Nigeria,11/12/15,19,0,7
2283,Senegal,11/12/15,1,0,0
2284,Spain,11/12/15,1,0,0
2285,United States of America,11/12/15,4,0,1
2286,Liberia,11/16/15,3151,5636,NA
2287,Sierra Leone,11/16/15,8704,5131,3589
2288,Guinea,11/16/15,3351,1,2083
2289,Liberia 2,11/16/15,6,NA,2
2290,Italy,11/16/15,1,0,NA
2291,United Kingdom,11/16/15,1,0,NA
2292,Mali,11/16/15,7,0,NA
2293,Nigeria,11/16/15,19,0,7
2294,Senegal,11/16/15,1,0,0
2295,Spain,11/16/15,1,0,0
2296,United States of America,11/16/15,4,0,1
2297,Liberia,11/17/15,3151,5636,NA
2298,Sierra Leone,11/17/15,8704,5131,3589
2299,Guinea,11/17/15,3351,0,2083
2300,Liberia 2,11/17/15,6,NA,2
2301,Italy,11/17/15,1,0,NA
2302,United Kingdom,11/17/15,1,0,NA
2303,Mali,11/17/15,7,0,NA
2304,Nigeria,11/17/15,19,0,7
2305,Senegal,11/17/15,1,0,0
2306,Spain,11/17/15,1,0,0
2307,United States of America,11/17/15,4,0,1
2308,Guinea,11/20/15,3351,0,2083
2309,Sierra Leone,11/20/15,8704,5131,3589
2310,Liberia,11/20/15,3151,5636,NA
2311,Liberia 2,11/20/15,6,NA,2
2312,Italy,11/20/15,1,0,NA
2313,United Kingdom,11/20/15,1,0,NA
2314,Mali,11/20/15,7,0,NA
2315,Nigeria,11/20/15,19,0,7
2316,Senegal,11/20/15,1,0,0
2317,Spain,11/20/15,1,0,0
2318,United States of America,11/20/15,4,0,1
2319,Sierra Leone,11/24/15,8704,5131,3589
2320,Liberia,11/24/15,3151,5636,NA
2321,Guinea,11/24/15,3351,0,2083
2322,Liberia 2,11/24/15,6,NA,2
2323,Italy,11/24/15,1,0,NA
2324,United Kingdom,11/24/15,1,0,NA
2325,Mali,11/24/15,7,0,NA
2326,Nigeria,11/24/15,19,0,7
2327,Senegal,11/24/15,1,0,0
2328,Spain,11/24/15,1,0,0
2329,United States of America,11/24/15,4,0,1
2330,Liberia,11/26/15,3151,5636,NA
2331,Sierra Leone,11/26/15,8704,5131,3589
2332,Guinea,11/26/15,3351,0,2083
2333,Liberia 2,11/26/15,9,NA,2
2334,Italy,11/26/15,1,0,NA
2335,United Kingdom,11/26/15,1,0,NA
2336,Mali,11/26/15,7,0,NA
2337,Nigeria,11/26/15,19,0,7
2338,Senegal,11/26/15,1,0,0
2339,Spain,11/26/15,1,0,0
2340,United States of America,11/26/15,4,0,1
2341,Liberia,12/1/15,3151,5636,NA
2342,Sierra Leone,12/1/15,8704,5131,3589
2343,Guinea,12/1/15,3351,0,2083
2344,Liberia 2,12/1/15,9,NA,2
2345,Italy,12/1/15,1,0,NA
2346,United Kingdom,12/1/15,1,0,NA
2347,Mali,12/1/15,7,0,NA
2348,Nigeria,12/1/15,19,0,7
2349,Senegal,12/1/15,1,0,0
2350,Spain,12/1/15,1,0,0
2351,United States of America,12/1/15,4,0,1
2352,Liberia,12/2/15,3151,5636,NA
2353,Guinea,12/2/15,3351,0,2083
2354,Sierra Leone,12/2/15,8704,5131,3589
2355,Liberia 2,12/2/15,9,NA,3
2356,Italy,12/2/15,1,0,NA
2357,United Kingdom,12/2/15,1,0,NA
2358,Mali,12/2/15,7,0,NA
2359,Nigeria,12/2/15,19,0,7
2360,Senegal,12/2/15,1,0,0
2361,Spain,12/2/15,1,0,0
2362,United States of America,12/2/15,4,0,1
2363,Guinea,12/3/15,3351,1,2083
2364,Liberia,12/3/15,3151,5636,NA
2365,Sierra Leone,12/3/15,8704,5131,3589
2366,Liberia 2,12/3/15,9,NA,3
2367,Italy,12/3/15,1,0,NA
2368,United Kingdom,12/3/15,1,0,NA
2369,Mali,12/3/15,7,0,NA
2370,Nigeria,12/3/15,19,0,7
2371,Senegal,12/3/15,1,0,0
2372,Spain,12/3/15,1,0,0
2373,United States of America,12/3/15,4,0,1
2374,Guinea,12/9/15,3351,0,2083
2375,Liberia,12/9/15,3151,5636,NA
2376,Sierra Leone,12/9/15,8704,5131,3589
2377,Liberia 2,12/9/15,9,NA,3
2378,Italy,12/9/15,1,0,NA
2379,United Kingdom,12/9/15,1,0,NA
2380,Mali,12/9/15,7,0,NA
2381,Nigeria,12/9/15,19,0,7
2382,Senegal,12/9/15,1,0,0
2383,Spain,12/9/15,1,0,0
2384,United States of America,12/9/15,4,0,1
2385,Guinea,12/10/15,3351,0,2083
2386,Sierra Leone,12/10/15,8704,5131,3589
2387,Liberia,12/10/15,3151,5636,NA
2388,Liberia 2,12/10/15,9,NA,3
2389,Italy,12/10/15,1,0,NA
2390,United Kingdom,12/10/15,1,0,NA
2391,Mali,12/10/15,7,0,NA
2392,Nigeria,12/10/15,19,0,7
2393,Senegal,12/10/15,1,0,0
2394,Spain,12/10/15,1,0,0
2395,United States of America,12/10/15,4,0,1
2396,Sierra Leone,12/11/15,8704,5131,3589
2397,Liberia,12/11/15,3151,5636,NA
2398,Guinea,12/11/15,3351,0,2083
2399,Liberia 2,12/11/15,9,NA,3
2400,Italy,12/11/15,1,0,NA
2401,United Kingdom,12/11/15,1,0,NA
2402,Mali,12/11/15,7,0,NA
2403,Nigeria,12/11/15,19,0,7
2404,Senegal,12/11/15,1,0,0
2405,Spain,12/11/15,1,0,0
2406,United States of America,12/11/15,4,0,1
2407,Guinea,12/15/15,3351,3,2083
2408,Liberia,12/15/15,3151,5636,NA
2409,Sierra Leone,12/15/15,8704,5131,3589
2410,Liberia 2,12/15/15,9,NA,3
2411,Italy,12/15/15,1,0,NA
2412,United Kingdom,12/15/15,1,0,NA
2413,Mali,12/15/15,7,0,NA
2414,Nigeria,12/15/15,19,0,7
2415,Senegal,12/15/15,1,0,0
2416,Spain,12/15/15,1,0,0
2417,United States of America,12/15/15,4,0,1
2418,Sierra Leone,12/16/15,8704,5131,3589
2419,Guinea,12/16/15,3351,3,2083
2420,Liberia,12/16/15,3151,5636,NA
2421,Liberia 2,12/16/15,9,NA,3
2422,Italy,12/16/15,1,0,NA
2423,United Kingdom,12/16/15,1,0,NA
2424,Mali,12/16/15,7,0,NA
2425,Nigeria,12/16/15,19,0,7
2426,Senegal,12/16/15,1,0,0
2427,Spain,12/16/15,1,0,0
2428,United States of America,12/16/15,4,0,1
2429,Sierra Leone,12/17/15,8704,5131,3589
2430,Liberia,12/17/15,3151,5636,NA
2431,Guinea,12/17/15,3351,1,2083
2432,Liberia 2,12/17/15,9,NA,3
2433,Italy,12/17/15,1,0,NA
2434,United Kingdom,12/17/15,1,0,NA
2435,Mali,12/17/15,7,0,NA
2436,Nigeria,12/17/15,19,0,7
2437,Senegal,12/17/15,1,0,0
2438,Spain,12/17/15,1,0,0
2439,United States of America,12/17/15,4,0,1
2440,Liberia,12/22/15,3151,5636,NA
2441,Sierra Leone,12/22/15,8704,5131,3589
2442,Guinea,12/22/15,3351,0,2083
2443,Liberia 2,12/22/15,9,NA,3
2444,Italy,12/22/15,1,0,NA
2445,United Kingdom,12/22/15,1,0,NA
2446,Mali,12/22/15,7,0,NA
2447,Nigeria,12/22/15,19,0,7
2448,Senegal,12/22/15,1,0,0
2449,Spain,12/22/15,1,0,0
2450,United States of America,12/22/15,4,0,1
2451,Liberia,12/23/15,3151,5636,NA
2452,Sierra Leone,12/23/15,8704,5131,3589
2453,Guinea,12/23/15,3351,0,2083
2454,Liberia 2,12/23/15,9,NA,3
2455,Italy,12/23/15,1,0,NA
2456,United Kingdom,12/23/15,1,0,NA
2457,Mali,12/23/15,7,0,NA
2458,Nigeria,12/23/15,19,0,7
2459,Senegal,12/23/15,1,0,0
2460,Spain,12/23/15,1,0,0
2461,United States of America,12/23/15,4,0,1
2462,Liberia,12/29/15,3151,5636,NA
2463,Sierra Leone,12/29/15,8704,5131,3589
2464,Guinea,12/29/15,3351,0,2083
2465,Liberia 2,12/29/15,9,NA,3
2466,Italy,12/29/15,1,0,NA
2467,United Kingdom,12/29/15,1,0,NA
2468,Mali,12/29/15,7,0,NA
2469,Nigeria,12/29/15,19,0,7
2470,Senegal,12/29/15,1,0,0
2471,Spain,12/29/15,1,0,0
2472,United States of America,12/29/15,4,0,1
2473,Guinea,3/23/16,3351,0,2083
2474,Liberia,3/23/16,3151,5636,NA
2475,Sierra Leone,3/23/16,8704,5131,3589
2476,Liberia 2,3/23/16,9,NA,3
2477,Guinea 2,3/23/16,2,0,1
2478,Italy,3/23/16,1,0,NA
2479,United Kingdom,3/23/16,1,0,NA
2480,Mali,3/23/16,7,0,NA
2481,Nigeria,3/23/16,19,0,7
2482,Senegal,3/23/16,1,0,0
2483,Spain,3/23/16,1,0,0
2484,United States of America,3/23/16,4,0,1